"2018/04/01 22:36:36",3,"Login","72.141.166.71",""
"2018/04/01 22:36:36",3,"CONFIRM","",""
"2018/04/01 22:47:49",3,"START","",""
"2018/04/01 22:47:49",3,"REQUESTPASS","Email",""
"2018/04/01 22:47:49",3,"SETSCHEME","Octal","Email"
"2018/04/01 22:47:50",3,"CONFIRM","",""
"2018/04/01 22:47:50",3,"REQUESTPASS","Banking",""
"2018/04/01 22:47:50",3,"SETSCHEME","Octal","Banking"
"2018/04/01 22:47:51",3,"CONFIRM","",""
"2018/04/01 22:47:51",3,"REQUESTPASS","Shopping",""
"2018/04/01 22:47:51",3,"SETSCHEME","Octal","Shopping"
"2018/04/01 22:47:52",3,"CONFIRM","",""
"2018/04/01 22:47:52",3,"VERIFY","Octal","Shopping"
"2018/04/01 22:47:53",3,"RESULT","Fail",""
"2018/04/01 22:47:53",3,"CONFIRM","",""
"2018/04/01 22:47:53",3,"VERIFY","Octal","Shopping"
"2018/04/01 22:47:56",3,"RESULT","Fail",""
"2018/04/01 22:47:56",3,"CONFIRM","",""
"2018/04/01 22:47:56",3,"VERIFY","Octal","Shopping"
"2018/04/01 22:47:59",3,"RESULT","Fail",""
"2018/04/01 22:47:59",3,"CONFIRM","",""
"2018/04/01 22:47:59",3,"VERIFY","Octal","Email"
"2018/04/01 22:48:02",3,"RESULT","Fail",""
"2018/04/01 22:48:02",3,"CONFIRM","",""
"2018/04/01 22:48:02",3,"VERIFY","Octal","Email"
"2018/04/01 22:48:03",3,"RESULT","Fail",""
"2018/04/01 22:48:03",3,"CONFIRM","",""
"2018/04/01 22:48:03",3,"VERIFY","Octal","Email"
"2018/04/01 22:48:04",3,"RESULT","Fail",""
"2018/04/01 22:48:04",3,"CONFIRM","",""
"2018/04/01 22:48:04",3,"VERIFY","Octal","Banking"
"2018/04/01 22:48:05",3,"RESULT","Fail",""
"2018/04/01 22:48:05",3,"CONFIRM","",""
"2018/04/01 22:48:05",3,"VERIFY","Octal","Banking"
"2018/04/01 22:48:06",3,"RESULT","Fail",""
"2018/04/01 22:48:06",3,"CONFIRM","",""
"2018/04/01 22:48:06",3,"VERIFY","Octal","Banking"
"2018/04/01 22:48:07",3,"RESULT","Fail",""
"2018/04/01 22:48:07",3,"CONFIRM","",""
"2018/04/01 22:48:07",3,"FINISH","",""
"2018/04/01 22:48:07",3,"FINISH","",""
"2018/04/01 22:37:22",4,"Login","61.151.178.180",""
"2018/04/01 22:41:25",5,"Login","101.226.225.86",""
"2018/04/01 22:43:02",6,"Login","72.140.115.224",""
"2018/04/01 22:43:07",6,"START","",""
"2018/04/01 22:43:07",6,"REQUESTPASS","Email",""
"2018/04/01 22:43:07",6,"SETSCHEME","Octal","Email"
"2018/04/01 22:43:13",6,"SETSCHEME","Image","Email"
"2018/04/01 22:43:13",6,"REMEMBER","1",""
"2018/04/01 22:44:01",6,"SETSCHEME","Octal","Email"
"2018/04/01 22:49:32",7,"Login","174.114.142.128",""
"2018/04/01 22:49:46",7,"START","",""
"2018/04/01 22:49:46",7,"REQUESTPASS","Email",""
"2018/04/01 22:49:46",7,"SETSCHEME","Octal","Email"
"2018/04/01 22:54:16",7,"CONFIRM","",""
"2018/04/01 22:54:16",7,"REQUESTPASS","Banking",""
"2018/04/01 22:54:16",7,"SETSCHEME","Octal","Banking"
"2018/04/01 22:54:38",7,"CONFIRM","",""
"2018/04/01 22:54:38",7,"REQUESTPASS","Shopping",""
"2018/04/01 22:54:38",7,"SETSCHEME","Octal","Shopping"
"2018/04/01 22:54:54",7,"CONFIRM","",""
"2018/04/01 22:54:54",7,"VERIFY","Octal","Shopping"
"2018/04/01 22:55:00",7,"RESULT","SUCCESS",""
"2018/04/01 22:55:00",7,"CONFIRM","",""
"2018/04/01 22:55:00",7,"VERIFY","Octal","Banking"
"2018/04/01 22:55:25",7,"RESULT","Fail",""
"2018/04/01 22:55:25",7,"CONFIRM","",""
"2018/04/01 22:55:25",7,"VERIFY","Octal","Banking"
"2018/04/01 22:55:33",7,"RESULT","SUCCESS",""
"2018/04/01 22:55:33",7,"CONFIRM","",""
"2018/04/01 22:55:33",7,"VERIFY","Octal","Email"
"2018/04/01 22:56:18",7,"RESULT","Fail",""
"2018/04/01 22:56:18",7,"CONFIRM","",""
"2018/04/01 22:56:18",7,"VERIFY","Octal","Email"
"2018/04/01 22:56:31",7,"RESULT","SUCCESS",""
"2018/04/01 22:56:31",7,"CONFIRM","",""
"2018/04/01 22:56:31",7,"FINISH","",""
"2018/04/01 22:56:31",7,"FINISH","",""
"2018/04/01 22:52:12",8,"Login","72.140.87.11",""
"2018/04/01 22:52:58",8,"START","",""
"2018/04/01 22:52:58",8,"REQUESTPASS","Email",""
"2018/04/01 22:52:58",8,"SETSCHEME","Octal","Email"
"2018/04/01 22:53:40",8,"CONFIRM","",""
"2018/04/01 22:53:40",8,"REQUESTPASS","Banking",""
"2018/04/01 22:53:40",8,"SETSCHEME","Octal","Banking"
"2018/04/01 22:53:45",8,"CONFIRM","",""
"2018/04/01 22:53:45",8,"REQUESTPASS","Shopping",""
"2018/04/01 22:53:45",8,"SETSCHEME","Octal","Shopping"
"2018/04/01 22:53:47",8,"CONFIRM","",""
"2018/04/01 22:53:47",8,"VERIFY","Octal","Email"
"2018/04/01 22:53:55",8,"VERIFY","Octal","Email"
"2018/04/01 22:53:57",8,"VERIFY","Octal","Email"
"2018/04/01 22:53:59",8,"VERIFY","Octal","Email"
"2018/04/01 22:54:01",8,"VERIFY","Octal","Email"
"2018/04/01 22:54:25",8,"START","",""
"2018/04/01 22:54:25",8,"REQUESTPASS","Email",""
"2018/04/01 22:54:25",8,"SETSCHEME","Octal","Email"
"2018/04/01 22:54:37",8,"CONFIRM","",""
"2018/04/01 22:54:37",8,"REQUESTPASS","Banking",""
"2018/04/01 22:54:37",8,"SETSCHEME","Octal","Banking"
"2018/04/01 22:54:54",8,"CONFIRM","",""
"2018/04/01 22:54:54",8,"REQUESTPASS","Shopping",""
"2018/04/01 22:54:54",8,"SETSCHEME","Octal","Shopping"
"2018/04/01 22:55:10",8,"SETSCHEME","Image","Shopping"
"2018/04/01 22:55:10",8,"REMEMBER","1",""
"2018/04/01 22:55:34",8,"SETSCHEME","Image","Shopping"
"2018/04/01 22:55:34",8,"REMEMBER","2",""
"2018/04/01 22:55:41",8,"SETSCHEME","Image","Shopping"
"2018/04/01 22:55:41",8,"REMEMBER","3",""
"2018/04/01 22:55:47",8,"SETSCHEME","Image","Shopping"
"2018/04/01 22:55:47",8,"REMEMBER","4",""
"2018/04/01 22:55:51",8,"SETSCHEME","Image","Shopping"
"2018/04/01 22:55:51",8,"CONFIRM","",""
"2018/04/01 22:55:52",8,"VERIFY","Octal","Email"
"2018/04/01 22:56:06",8,"RESULT","Fail",""
"2018/04/01 22:56:06",8,"CONFIRM","",""
"2018/04/01 22:56:07",8,"VERIFY","Octal","Email"
"2018/04/01 22:56:16",8,"RESULT","Fail",""
"2018/04/01 22:56:16",8,"CONFIRM","",""
"2018/04/01 22:56:16",8,"VERIFY","Octal","Email"
"2018/04/01 22:56:26",8,"RESULT","Fail",""
"2018/04/01 22:56:26",8,"CONFIRM","",""
"2018/04/01 22:56:26",8,"VERIFY","Octal","Banking"
"2018/04/01 22:56:32",8,"VERIFY","Octal","Banking"
"2018/04/01 22:56:33",8,"VERIFY","Octal","Banking"
"2018/04/01 22:56:34",8,"VERIFY","Image","Banking"
"2018/04/01 22:56:39",8,"VERIFY","Image","Banking"
"2018/04/01 22:56:43",8,"VERIFY","Image","Banking"
"2018/04/01 22:56:47",8,"VERIFY","Image","Banking"
"2018/04/01 22:56:50",8,"VERIFY","Image","Banking"
"2018/04/01 22:56:50",8,"RESULT","Fail",""
"2018/04/01 22:56:50",8,"CONFIRM","",""
"2018/04/01 22:56:50",8,"VERIFY","Octal","Banking"
"2018/04/01 22:57:30",8,"START","",""
"2018/04/01 22:57:30",8,"REQUESTPASS","Email",""
"2018/04/01 22:57:30",8,"SETSCHEME","Octal","Email"
"2018/04/01 22:58:02",8,"CONFIRM","",""
"2018/04/01 22:58:02",8,"REQUESTPASS","Email",""
"2018/04/01 22:58:02",8,"SETSCHEME","Octal","Email"
"2018/04/01 22:58:10",8,"CONFIRM","",""
"2018/04/01 22:58:10",8,"REQUESTPASS","Email",""
"2018/04/01 22:58:10",8,"SETSCHEME","Octal","Email"
"2018/04/01 22:58:17",8,"CONFIRM","",""
"2018/04/01 22:58:17",8,"REQUESTPASS","Email",""
"2018/04/01 22:58:17",8,"SETSCHEME","Octal","Email"
"2018/04/01 22:58:19",8,"CONFIRM","",""
"2018/04/01 22:58:20",8,"REQUESTPASS","Email",""
"2018/04/01 22:58:20",8,"SETSCHEME","Octal","Email"
"2018/04/01 22:58:21",8,"CONFIRM","",""
"2018/04/01 22:58:21",8,"REQUESTPASS","Email",""
"2018/04/01 22:58:21",8,"SETSCHEME","Octal","Email"
"2018/04/01 22:58:22",8,"CONFIRM","",""
"2018/04/01 22:58:22",8,"REQUESTPASS","Email",""
"2018/04/01 22:58:22",8,"SETSCHEME","Octal","Email"
"2018/04/01 22:58:45",8,"START","",""
"2018/04/01 22:58:46",8,"REQUESTPASS","Email",""
"2018/04/01 22:58:46",8,"SETSCHEME","Octal","Email"
"2018/04/01 22:58:54",8,"CONFIRM","",""
"2018/04/01 22:58:54",8,"REQUESTPASS","Email",""
"2018/04/01 22:58:54",8,"SETSCHEME","Octal","Email"
"2018/04/01 22:56:23",9,"Login","72.141.166.71",""
"2018/04/01 22:56:23",10,"Login","72.141.166.71",""
"2018/04/01 22:56:49",11,"Login","174.114.142.128",""
"2018/04/01 22:57:56",11,"START","",""
"2018/04/01 22:57:56",11,"REQUESTPASS","Email",""
"2018/04/01 22:57:56",11,"SETSCHEME","Octal","Email"
"2018/04/01 22:58:06",11,"SETSCHEME","Image","Email"
"2018/04/01 22:58:06",11,"REMEMBER","1",""
"2018/04/01 22:58:36",11,"SETSCHEME","Image","Email"
"2018/04/01 22:58:36",11,"REMEMBER","2",""
"2018/04/01 22:58:40",11,"SETSCHEME","Image","Email"
"2018/04/01 22:58:40",11,"REMEMBER","3",""
"2018/04/01 22:58:44",11,"SETSCHEME","Image","Email"
"2018/04/01 22:58:44",11,"REMEMBER","4",""
"2018/04/01 22:58:46",11,"SETSCHEME","Image","Email"
"2018/04/01 22:58:46",11,"CONFIRM","",""
"2018/04/01 22:58:46",11,"REQUESTPASS","Banking",""
"2018/04/01 22:58:46",11,"SETSCHEME","Octal","Banking"
"2018/04/01 22:58:49",11,"SETSCHEME","Image","Banking"
"2018/04/01 22:58:49",11,"REMEMBER","1",""
"2018/04/01 22:58:54",11,"SETSCHEME","Image","Banking"
"2018/04/01 22:58:54",11,"REMEMBER","2",""
"2018/04/01 22:58:58",11,"SETSCHEME","Image","Banking"
"2018/04/01 22:58:58",11,"REMEMBER","3",""
"2018/04/01 22:59:01",11,"SETSCHEME","Image","Banking"
"2018/04/01 22:59:01",11,"REMEMBER","4",""
"2018/04/01 22:59:03",11,"SETSCHEME","Image","Banking"
"2018/04/01 22:59:03",11,"CONFIRM","",""
"2018/04/01 22:59:03",11,"REQUESTPASS","Shopping",""
"2018/04/01 22:59:03",11,"SETSCHEME","Octal","Shopping"
"2018/04/01 22:59:24",11,"SETSCHEME","Image","Shopping"
"2018/04/01 22:59:24",11,"REMEMBER","1",""
"2018/04/01 22:59:27",11,"SETSCHEME","Image","Shopping"
"2018/04/01 22:59:27",11,"REMEMBER","2",""
"2018/04/01 22:59:29",11,"SETSCHEME","Image","Shopping"
"2018/04/01 22:59:29",11,"REMEMBER","3",""
"2018/04/01 22:59:32",11,"SETSCHEME","Image","Shopping"
"2018/04/01 22:59:32",11,"REMEMBER","4",""
"2018/04/01 22:59:34",11,"SETSCHEME","Image","Shopping"
"2018/04/01 22:59:34",11,"CONFIRM","",""
"2018/04/01 22:59:34",11,"VERIFY","Octal","Banking"
"2018/04/01 22:59:36",11,"VERIFY","Image","Banking"
"2018/04/01 22:59:52",11,"VERIFY","Image","Banking"
"2018/04/01 23:00:01",11,"VERIFY","Image","Banking"
"2018/04/01 23:00:12",11,"VERIFY","Image","Banking"
"2018/04/01 23:00:19",11,"VERIFY","Image","Banking"
"2018/04/01 23:00:19",11,"RESULT","Fail",""
"2018/04/01 23:00:19",11,"CONFIRM","",""
"2018/04/01 23:00:19",11,"VERIFY","Octal","Banking"
"2018/04/01 23:00:23",11,"VERIFY","Image","Banking"
"2018/04/01 23:00:36",11,"VERIFY","Image","Banking"
"2018/04/01 23:00:44",11,"VERIFY","Image","Banking"
"2018/04/01 23:00:49",11,"VERIFY","Image","Banking"
"2018/04/01 23:00:52",11,"VERIFY","Image","Banking"
"2018/04/01 23:00:52",11,"RESULT","Fail",""
"2018/04/01 23:00:52",11,"CONFIRM","",""
"2018/04/01 23:00:52",11,"VERIFY","Octal","Banking"
"2018/04/01 23:00:56",11,"VERIFY","Image","Banking"
"2018/04/01 23:01:01",11,"VERIFY","Image","Banking"
"2018/04/01 23:01:04",11,"VERIFY","Image","Banking"
"2018/04/01 23:01:13",11,"VERIFY","Image","Banking"
"2018/04/01 23:01:19",11,"VERIFY","Image","Banking"
"2018/04/01 23:01:19",11,"RESULT","Fail",""
"2018/04/01 23:01:19",11,"CONFIRM","",""
"2018/04/01 23:01:19",11,"VERIFY","Octal","Shopping"
"2018/04/01 23:01:23",11,"VERIFY","Image","Shopping"
"2018/04/01 23:01:35",11,"VERIFY","Image","Shopping"
"2018/04/01 23:01:38",11,"VERIFY","Image","Shopping"
"2018/04/01 23:01:42",11,"VERIFY","Image","Shopping"
"2018/04/01 23:01:45",11,"VERIFY","Image","Shopping"
"2018/04/01 23:01:45",11,"RESULT","Fail",""
"2018/04/01 23:01:45",11,"CONFIRM","",""
"2018/04/01 23:01:45",11,"VERIFY","Octal","Shopping"
"2018/04/01 23:01:49",11,"VERIFY","Image","Shopping"
"2018/04/01 23:01:56",11,"VERIFY","Image","Shopping"
"2018/04/01 23:02:01",11,"VERIFY","Image","Shopping"
"2018/04/01 23:02:06",11,"VERIFY","Image","Shopping"
"2018/04/01 23:02:12",11,"VERIFY","Image","Shopping"
"2018/04/01 23:02:12",11,"RESULT","Fail",""
"2018/04/01 23:02:12",11,"CONFIRM","",""
"2018/04/01 23:02:12",11,"VERIFY","Octal","Shopping"
"2018/04/01 23:02:16",11,"VERIFY","Image","Shopping"
"2018/04/01 23:02:32",11,"VERIFY","Image","Shopping"
"2018/04/01 23:02:37",11,"VERIFY","Image","Shopping"
"2018/04/01 23:02:41",11,"VERIFY","Image","Shopping"
"2018/04/01 23:02:44",11,"VERIFY","Image","Shopping"
"2018/04/01 23:02:44",11,"RESULT","Fail",""
"2018/04/01 23:02:44",11,"CONFIRM","",""
"2018/04/01 23:02:45",11,"VERIFY","Octal","Email"
"2018/04/01 23:02:48",11,"VERIFY","Image","Email"
"2018/04/01 23:02:51",11,"VERIFY","Image","Email"
"2018/04/01 23:02:54",11,"VERIFY","Image","Email"
"2018/04/01 23:02:58",11,"VERIFY","Image","Email"
"2018/04/01 23:03:00",11,"VERIFY","Image","Email"
"2018/04/01 23:03:00",11,"RESULT","SUCCESS",""
"2018/04/01 23:03:00",11,"CONFIRM","",""
"2018/04/01 23:03:00",11,"FINISH","",""
"2018/04/01 23:03:00",11,"FINISH","",""
"2018/04/01 22:58:57",12,"Login","72.140.87.11",""
"2018/04/01 22:58:57",13,"Login","72.140.87.11",""
"2018/04/01 22:58:57",14,"Login","72.140.87.11",""
"2018/04/01 22:59:13",15,"Login","72.140.87.11",""
"2018/04/01 22:59:15",15,"START","",""
"2018/04/01 22:59:15",15,"REQUESTPASS","Email",""
"2018/04/01 22:59:15",15,"SETSCHEME","Octal","Email"
"2018/04/01 22:59:37",15,"CONFIRM","",""
"2018/04/01 22:59:37",15,"REQUESTPASS","Banking",""
"2018/04/01 22:59:37",15,"SETSCHEME","Octal","Banking"
"2018/04/01 23:00:03",15,"CONFIRM","",""
"2018/04/01 23:00:03",15,"REQUESTPASS","Shopping",""
"2018/04/01 23:00:03",15,"SETSCHEME","Octal","Shopping"
"2018/04/01 23:00:20",15,"CONFIRM","",""
"2018/04/01 23:00:20",15,"VERIFY","Octal","Shopping"
"2018/04/01 23:00:28",15,"RESULT","SUCCESS",""
"2018/04/01 23:00:28",15,"CONFIRM","",""
"2018/04/01 23:00:28",15,"VERIFY","Octal","Email"
"2018/04/01 23:00:42",15,"RESULT","SUCCESS",""
"2018/04/01 23:00:42",15,"CONFIRM","",""
"2018/04/01 23:00:42",15,"VERIFY","Octal","Banking"
"2018/04/01 23:00:52",15,"RESULT","SUCCESS",""
"2018/04/01 23:00:52",15,"CONFIRM","",""
"2018/04/01 23:00:52",15,"FINISH","",""
"2018/04/01 23:00:52",15,"FINISH","",""
"2018/04/01 23:03:06",16,"Login","174.114.142.128",""
"2018/04/01 23:03:08",16,"START","",""
"2018/04/01 23:03:08",16,"REQUESTPASS","Email",""
"2018/04/01 23:03:09",16,"SETSCHEME","Octal","Email"
"2018/04/01 23:03:10",16,"SETSCHEME","Image","Email"
"2018/04/01 23:03:10",16,"REMEMBER","1",""
"2018/04/01 23:03:13",16,"SETSCHEME","Image","Email"
"2018/04/01 23:03:13",16,"REMEMBER","2",""
"2018/04/01 23:03:18",16,"SETSCHEME","Binary","Email"
"2018/04/01 23:04:06",16,"CONFIRM","",""
"2018/04/01 23:04:06",16,"REQUESTPASS","Banking",""
"2018/04/01 23:04:07",16,"SETSCHEME","Octal","Banking"
"2018/04/01 23:04:09",16,"CONFIRM","",""
"2018/04/01 23:04:09",16,"REQUESTPASS","Shopping",""
"2018/04/01 23:04:09",16,"SETSCHEME","Octal","Shopping"
"2018/04/01 23:04:10",16,"CONFIRM","",""
"2018/04/01 23:04:10",16,"VERIFY","Octal","Shopping"
"2018/04/01 23:04:13",16,"RESULT","Fail",""
"2018/04/01 23:04:13",16,"CONFIRM","",""
"2018/04/01 23:04:13",16,"VERIFY","Octal","Shopping"
"2018/04/01 23:04:15",16,"RESULT","Fail",""
"2018/04/01 23:04:15",16,"CONFIRM","",""
"2018/04/01 23:04:15",16,"VERIFY","Octal","Shopping"
"2018/04/01 23:04:18",16,"RESULT","Fail",""
"2018/04/01 23:04:18",16,"CONFIRM","",""
"2018/04/01 23:04:18",16,"VERIFY","Octal","Banking"
"2018/04/01 23:04:20",16,"RESULT","Fail",""
"2018/04/01 23:04:20",16,"CONFIRM","",""
"2018/04/01 23:04:21",16,"VERIFY","Octal","Banking"
"2018/04/01 23:04:23",16,"RESULT","Fail",""
"2018/04/01 23:04:23",16,"CONFIRM","",""
"2018/04/01 23:04:23",16,"VERIFY","Octal","Banking"
"2018/04/01 23:04:25",16,"RESULT","Fail",""
"2018/04/01 23:04:25",16,"CONFIRM","",""
"2018/04/01 23:04:25",16,"VERIFY","Octal","Email"
"2018/04/01 23:04:27",16,"RESULT","Fail",""
"2018/04/01 23:04:27",16,"CONFIRM","",""
"2018/04/01 23:04:27",16,"VERIFY","Octal","Email"
"2018/04/01 23:04:30",16,"RESULT","Fail",""
"2018/04/01 23:04:30",16,"CONFIRM","",""
"2018/04/01 23:04:30",16,"VERIFY","Octal","Email"
"2018/04/01 23:04:33",16,"RESULT","Fail",""
"2018/04/01 23:04:34",16,"CONFIRM","",""
"2018/04/01 23:04:34",16,"FINISH","",""
"2018/04/01 23:04:34",16,"FINISH","",""
"2018/04/01 23:03:42",17,"Login","72.140.115.224",""
"2018/04/01 23:03:46",17,"START","",""
"2018/04/01 23:03:46",17,"REQUESTPASS","Email",""
"2018/04/01 23:03:47",17,"SETSCHEME","Octal","Email"
"2018/04/01 23:05:20",17,"SETSCHEME","Image","Email"
"2018/04/01 23:05:20",17,"REMEMBER","1",""
"2018/04/01 23:05:33",17,"SETSCHEME","Octal","Email"
"2018/04/01 23:05:44",17,"SETSCHEME","Binary","Email"
"2018/04/01 23:05:46",17,"SETSCHEME","Octal","Email"
"2018/04/01 23:03:43",18,"Login","72.140.115.224",""
"2018/04/01 23:04:37",19,"Login","174.114.142.128",""
"2018/04/01 23:09:38",20,"Login","139.162.87.250",""
"2018/04/01 23:49:03",21,"Login","72.140.115.224",""
"2018/04/01 23:52:13",21,"START","",""
"2018/04/01 23:52:13",21,"REQUESTPASS","Email",""
"2018/04/01 23:52:13",21,"SETSCHEME","Octal","Email"
"2018/04/01 23:52:15",21,"CONFIRM","",""
"2018/04/01 23:52:15",21,"REQUESTPASS","Banking",""
"2018/04/01 23:52:15",21,"SETSCHEME","Octal","Banking"
"2018/04/01 23:52:16",21,"CONFIRM","",""
"2018/04/01 23:52:16",21,"REQUESTPASS","Shopping",""
"2018/04/01 23:52:16",21,"SETSCHEME","Octal","Shopping"
"2018/04/01 23:52:17",21,"CONFIRM","",""
"2018/04/01 23:52:17",21,"VERIFY","Octal","Shopping"
"2018/04/02 00:06:29",21,"START","",""
"2018/04/02 00:06:30",21,"REQUESTPASS","Email",""
"2018/04/02 00:06:30",21,"SETSCHEME","Octal","Email"
"2018/04/02 00:06:35",21,"CONFIRM","",""
"2018/04/02 00:06:35",21,"REQUESTPASS","Banking",""
"2018/04/02 00:06:35",21,"SETSCHEME","Octal","Banking"
"2018/04/02 00:06:35",21,"CONFIRM","",""
"2018/04/02 00:06:36",21,"REQUESTPASS","Shopping",""
"2018/04/02 00:06:36",21,"SETSCHEME","Octal","Shopping"
"2018/04/02 00:06:36",21,"CONFIRM","",""
"2018/04/02 00:06:36",21,"VERIFY","Octal","Shopping"
"2018/04/02 00:06:43",21,"RESULT","Fail",""
"2018/04/02 00:06:43",21,"CONFIRM","",""
"2018/04/02 00:06:43",21,"VERIFY","Octal","Shopping"
"2018/04/01 23:50:38",22,"Login","61.129.6.148",""
"2018/04/01 23:50:39",23,"Login","61.129.8.199",""
"2018/04/01 23:51:35",24,"Login","61.151.179.27",""
"2018/04/01 23:52:00",25,"Login","99.246.147.74",""
"2018/04/01 23:53:17",25,"START","",""
"2018/04/01 23:53:18",25,"REQUESTPASS","Email",""
"2018/04/01 23:53:18",25,"SETSCHEME","Octal","Email"
"2018/04/01 23:55:12",25,"CONFIRM","",""
"2018/04/01 23:55:12",25,"REQUESTPASS","Banking",""
"2018/04/01 23:55:12",25,"SETSCHEME","Octal","Banking"
"2018/04/01 23:56:50",25,"CONFIRM","",""
"2018/04/01 23:56:50",25,"REQUESTPASS","Shopping",""
"2018/04/01 23:56:51",25,"SETSCHEME","Octal","Shopping"
"2018/04/01 23:58:10",25,"CONFIRM","",""
"2018/04/01 23:58:10",25,"VERIFY","Octal","Banking"
"2018/04/01 23:58:52",25,"RESULT","Fail",""
"2018/04/01 23:58:52",25,"CONFIRM","",""
"2018/04/01 23:58:52",25,"VERIFY","Octal","Banking"
"2018/04/01 23:59:14",25,"RESULT","SUCCESS",""
"2018/04/01 23:59:14",25,"CONFIRM","",""
"2018/04/01 23:59:14",25,"VERIFY","Octal","Shopping"
"2018/04/01 23:59:38",25,"RESULT","Fail",""
"2018/04/01 23:59:38",25,"CONFIRM","",""
"2018/04/01 23:59:38",25,"VERIFY","Octal","Shopping"
"2018/04/01 23:59:56",25,"RESULT","SUCCESS",""
"2018/04/01 23:59:56",25,"CONFIRM","",""
"2018/04/01 23:59:56",25,"VERIFY","Octal","Email"
"2018/04/02 00:00:17",25,"RESULT","SUCCESS",""
"2018/04/02 00:00:17",25,"CONFIRM","",""
"2018/04/02 00:00:17",25,"FINISH","",""
"2018/04/02 00:00:17",25,"FINISH","",""
"2018/04/01 23:55:08",26,"Login","134.117.247.128",""
"2018/04/01 23:55:18",26,"START","",""
"2018/04/01 23:55:18",26,"REQUESTPASS","Email",""
"2018/04/01 23:55:19",26,"SETSCHEME","Octal","Email"
"2018/04/01 23:55:55",26,"CONFIRM","",""
"2018/04/01 23:55:55",26,"REQUESTPASS","Banking",""
"2018/04/01 23:55:55",26,"SETSCHEME","Octal","Banking"
"2018/04/01 23:55:58",26,"SETSCHEME","Image","Banking"
"2018/04/01 23:55:58",26,"REMEMBER","1",""
"2018/04/01 23:56:11",26,"SETSCHEME","Image","Banking"
"2018/04/01 23:56:11",26,"REMEMBER","2",""
"2018/04/01 23:56:14",26,"SETSCHEME","Image","Banking"
"2018/04/01 23:56:14",26,"REMEMBER","3",""
"2018/04/01 23:56:20",26,"SETSCHEME","Image","Banking"
"2018/04/01 23:56:20",26,"REMEMBER","4",""
"2018/04/01 23:56:28",26,"SETSCHEME","Binary","Banking"
"2018/04/01 23:56:29",26,"SETSCHEME","Image","Banking"
"2018/04/01 23:56:29",26,"REMEMBER","1",""
"2018/04/01 23:56:30",26,"SETSCHEME","Octal","Banking"
"2018/04/01 23:56:32",26,"SETSCHEME","Image","Banking"
"2018/04/01 23:56:32",26,"REMEMBER","1",""
"2018/04/01 23:56:40",26,"SETSCHEME","Image","Banking"
"2018/04/01 23:56:40",26,"REMEMBER","2",""
"2018/04/01 23:56:44",26,"SETSCHEME","Image","Banking"
"2018/04/01 23:56:44",26,"REMEMBER","3",""
"2018/04/01 23:56:47",26,"SETSCHEME","Image","Banking"
"2018/04/01 23:56:47",26,"REMEMBER","4",""
"2018/04/01 23:56:50",26,"SETSCHEME","Image","Banking"
"2018/04/01 23:56:51",26,"CONFIRM","",""
"2018/04/01 23:56:51",26,"REQUESTPASS","Shopping",""
"2018/04/01 23:56:51",26,"SETSCHEME","Octal","Shopping"
"2018/04/01 23:56:54",26,"SETSCHEME","Image","Shopping"
"2018/04/01 23:56:54",26,"REMEMBER","1",""
"2018/04/01 23:56:57",26,"SETSCHEME","Image","Shopping"
"2018/04/01 23:56:57",26,"REMEMBER","2",""
"2018/04/01 23:57:00",26,"SETSCHEME","Image","Shopping"
"2018/04/01 23:57:00",26,"REMEMBER","3",""
"2018/04/01 23:57:02",26,"SETSCHEME","Image","Shopping"
"2018/04/01 23:57:02",26,"REMEMBER","4",""
"2018/04/01 23:57:04",26,"SETSCHEME","Image","Shopping"
"2018/04/01 23:57:04",26,"CONFIRM","",""
"2018/04/01 23:57:05",26,"VERIFY","Octal","Shopping"
"2018/04/01 23:57:08",26,"VERIFY","Image","Shopping"
"2018/04/01 23:57:12",26,"VERIFY","Image","Shopping"
"2018/04/01 23:57:16",26,"VERIFY","Image","Shopping"
"2018/04/01 23:57:39",26,"VERIFY","Image","Shopping"
"2018/04/01 23:57:42",26,"VERIFY","Image","Shopping"
"2018/04/01 23:57:42",26,"RESULT","Fail",""
"2018/04/01 23:57:42",26,"CONFIRM","",""
"2018/04/01 23:57:42",26,"VERIFY","Octal","Shopping"
"2018/04/01 23:57:54",26,"VERIFY","Image","Shopping"
"2018/04/01 23:57:59",26,"VERIFY","Image","Shopping"
"2018/04/01 23:58:02",26,"VERIFY","Image","Shopping"
"2018/04/01 23:58:07",26,"VERIFY","Image","Shopping"
"2018/04/01 23:58:09",26,"VERIFY","Image","Shopping"
"2018/04/01 23:58:09",26,"RESULT","Fail",""
"2018/04/01 23:58:09",26,"CONFIRM","",""
"2018/04/01 23:58:09",26,"VERIFY","Octal","Shopping"
"2018/04/01 23:58:34",26,"SETSCHEME","Image","null"
"2018/04/01 23:58:42",26,"SETSCHEME","Image","null"
"2018/04/01 23:58:46",26,"SETSCHEME","Image","null"
"2018/04/01 23:58:52",26,"START","",""
"2018/04/01 23:58:53",26,"REQUESTPASS","Email",""
"2018/04/01 23:58:53",26,"SETSCHEME","Octal","Email"
"2018/04/01 23:58:59",26,"CONFIRM","",""
"2018/04/01 23:58:59",26,"REQUESTPASS","Email",""
"2018/04/01 23:58:59",26,"SETSCHEME","Octal","Email"
"2018/04/01 23:59:08",26,"CONFIRM","",""
"2018/04/01 23:59:08",26,"REQUESTPASS","Email",""
"2018/04/01 23:59:08",26,"SETSCHEME","Octal","Email"
"2018/04/01 23:59:19",26,"CONFIRM","",""
"2018/04/01 23:59:19",26,"REQUESTPASS","Email",""
"2018/04/01 23:59:20",26,"SETSCHEME","Octal","Email"
"2018/04/01 23:59:23",26,"SETSCHEME","Image","Email"
"2018/04/01 23:59:23",26,"REMEMBER","1",""
"2018/04/01 23:59:24",26,"SETSCHEME","Octal","Email"
"2018/04/01 23:59:26",26,"CONFIRM","",""
"2018/04/01 23:59:26",26,"REQUESTPASS","Email",""
"2018/04/01 23:59:26",26,"SETSCHEME","Octal","Email"
"2018/04/01 23:59:52",26,"CONFIRM","",""
"2018/04/01 23:59:53",26,"REQUESTPASS","Email",""
"2018/04/01 23:59:53",26,"SETSCHEME","Octal","Email"
"2018/04/01 23:59:54",26,"CONFIRM","",""
"2018/04/01 23:59:54",26,"REQUESTPASS","Email",""
"2018/04/01 23:59:54",26,"SETSCHEME","Octal","Email"
"2018/04/01 23:59:55",26,"CONFIRM","",""
"2018/04/01 23:59:55",26,"REQUESTPASS","Email",""
"2018/04/01 23:59:55",26,"SETSCHEME","Octal","Email"
"2018/04/02 00:01:08",26,"START","",""
"2018/04/02 00:01:08",26,"REQUESTPASS","Email",""
"2018/04/02 00:01:08",26,"SETSCHEME","Octal","Email"
"2018/04/02 00:01:17",26,"CONFIRM","",""
"2018/04/02 00:01:17",26,"REQUESTPASS","Email",""
"2018/04/02 00:01:17",26,"SETSCHEME","Octal","Email"
"2018/04/02 00:01:18",26,"CONFIRM","",""
"2018/04/02 00:01:18",26,"REQUESTPASS","Email",""
"2018/04/02 00:01:18",26,"SETSCHEME","Octal","Email"
"2018/04/02 00:01:19",26,"CONFIRM","",""
"2018/04/02 00:01:19",26,"REQUESTPASS","Email",""
"2018/04/02 00:01:19",26,"SETSCHEME","Octal","Email"
"2018/04/02 00:01:19",26,"CONFIRM","",""
"2018/04/02 00:01:19",26,"REQUESTPASS","Email",""
"2018/04/02 00:01:19",26,"SETSCHEME","Octal","Email"
"2018/04/02 00:01:20",26,"CONFIRM","",""
"2018/04/02 00:01:20",26,"REQUESTPASS","Email",""
"2018/04/02 00:01:20",26,"SETSCHEME","Octal","Email"
"2018/04/02 00:01:20",26,"CONFIRM","",""
"2018/04/02 00:01:20",26,"REQUESTPASS","Email",""
"2018/04/02 00:01:20",26,"SETSCHEME","Octal","Email"
"2018/04/02 00:01:20",26,"CONFIRM","",""
"2018/04/02 00:01:20",26,"REQUESTPASS","Email",""
"2018/04/02 00:01:20",26,"SETSCHEME","Octal","Email"
"2018/04/02 00:01:21",26,"CONFIRM","",""
"2018/04/02 00:01:21",26,"REQUESTPASS","Email",""
"2018/04/02 00:01:21",26,"SETSCHEME","Octal","Email"
"2018/04/02 00:01:21",26,"CONFIRM","",""
"2018/04/02 00:01:21",26,"REQUESTPASS","Email",""
"2018/04/02 00:01:21",26,"SETSCHEME","Octal","Email"
"2018/04/02 00:01:22",26,"CONFIRM","",""
"2018/04/02 00:01:22",26,"REQUESTPASS","Email",""
"2018/04/02 00:01:22",26,"SETSCHEME","Octal","Email"
"2018/04/02 00:01:53",26,"CONFIRM","",""
"2018/04/02 00:01:54",26,"REQUESTPASS","Email",""
"2018/04/02 00:01:54",26,"SETSCHEME","Octal","Email"
"2018/04/02 00:02:04",26,"CONFIRM","",""
"2018/04/02 00:02:05",26,"REQUESTPASS","Email",""
"2018/04/02 00:02:05",26,"SETSCHEME","Octal","Email"
"2018/04/02 00:02:06",26,"CONFIRM","",""
"2018/04/02 00:02:06",26,"REQUESTPASS","Email",""
"2018/04/02 00:02:06",26,"SETSCHEME","Octal","Email"
"2018/04/02 00:02:07",26,"CONFIRM","",""
"2018/04/02 00:02:07",26,"REQUESTPASS","Email",""
"2018/04/02 00:02:07",26,"SETSCHEME","Octal","Email"
"2018/04/02 00:02:08",26,"CONFIRM","",""
"2018/04/02 00:02:08",26,"REQUESTPASS","Email",""
"2018/04/02 00:02:08",26,"SETSCHEME","Octal","Email"
"2018/04/02 00:02:53",27,"Login","99.246.147.74",""
"2018/04/02 00:03:02",27,"START","",""
"2018/04/02 00:03:02",27,"REQUESTPASS","Email",""
"2018/04/02 00:03:02",27,"SETSCHEME","Octal","Email"
"2018/04/02 00:04:12",27,"SETSCHEME","Image","Email"
"2018/04/02 00:04:12",27,"REMEMBER","1",""
"2018/04/02 00:03:29",28,"Login","134.117.247.128",""
"2018/04/02 00:03:32",28,"START","",""
"2018/04/02 00:03:32",28,"REQUESTPASS","Email",""
"2018/04/02 00:03:32",28,"SETSCHEME","Octal","Email"
"2018/04/02 00:03:40",28,"CONFIRM","",""
"2018/04/02 00:03:40",28,"REQUESTPASS","Banking",""
"2018/04/02 00:03:40",28,"SETSCHEME","Octal","Banking"
"2018/04/02 00:03:41",28,"SETSCHEME","Image","Banking"
"2018/04/02 00:03:41",28,"REMEMBER","1",""
"2018/04/02 00:03:46",28,"SETSCHEME","Image","Banking"
"2018/04/02 00:03:46",28,"REMEMBER","2",""
"2018/04/02 00:03:48",28,"SETSCHEME","Image","Banking"
"2018/04/02 00:03:48",28,"REMEMBER","3",""
"2018/04/02 00:03:51",28,"SETSCHEME","Image","Banking"
"2018/04/02 00:03:51",28,"REMEMBER","4",""
"2018/04/02 00:03:54",28,"SETSCHEME","Image","Banking"
"2018/04/02 00:03:54",28,"CONFIRM","",""
"2018/04/02 00:03:54",28,"REQUESTPASS","Shopping",""
"2018/04/02 00:03:54",28,"SETSCHEME","Octal","Shopping"
"2018/04/02 00:03:58",28,"SETSCHEME","Binary","Shopping"
"2018/04/02 00:04:02",28,"SETSCHEME","Image","Shopping"
"2018/04/02 00:04:02",28,"REMEMBER","1",""
"2018/04/02 00:04:09",28,"SETSCHEME","Image","Shopping"
"2018/04/02 00:04:09",28,"REMEMBER","2",""
"2018/04/02 00:04:13",28,"SETSCHEME","Image","Shopping"
"2018/04/02 00:04:13",28,"REMEMBER","3",""
"2018/04/02 00:04:14",28,"SETSCHEME","Image","Shopping"
"2018/04/02 00:04:14",28,"REMEMBER","4",""
"2018/04/02 00:04:16",28,"SETSCHEME","Image","Shopping"
"2018/04/02 00:04:16",28,"CONFIRM","",""
"2018/04/02 00:04:16",28,"VERIFY","Octal","Banking"
"2018/04/02 00:04:28",28,"RESULT","Fail",""
"2018/04/02 00:04:28",28,"CONFIRM","",""
"2018/04/02 00:04:28",28,"VERIFY","Octal","Banking"
"2018/04/02 00:04:42",28,"RESULT","Fail",""
"2018/04/02 00:04:42",28,"CONFIRM","",""
"2018/04/02 00:04:42",28,"VERIFY","Octal","Banking"
"2018/04/02 00:05:33",28,"RESULT","Fail",""
"2018/04/02 00:05:33",28,"CONFIRM","",""
"2018/04/02 00:05:33",28,"VERIFY","Octal","Shopping"
"2018/04/02 00:05:42",28,"VERIFY","Image","Shopping"
"2018/04/02 00:05:45",28,"VERIFY","Image","Shopping"
"2018/04/02 00:05:47",28,"VERIFY","Image","Shopping"
"2018/04/02 00:05:50",28,"VERIFY","Image","Shopping"
"2018/04/02 00:05:53",28,"VERIFY","Image","Shopping"
"2018/04/02 00:05:53",28,"RESULT","Fail",""
"2018/04/02 00:05:53",28,"CONFIRM","",""
"2018/04/02 00:05:53",28,"VERIFY","Octal","Shopping"
"2018/04/02 00:06:33",28,"VERIFY","Image","Shopping"
"2018/04/02 00:06:40",28,"VERIFY","Image","Shopping"
"2018/04/02 00:06:57",28,"VERIFY","Image","Shopping"
"2018/04/02 00:07:01",28,"VERIFY","Image","Shopping"
"2018/04/02 00:07:05",28,"VERIFY","Image","Shopping"
"2018/04/02 00:07:05",28,"RESULT","Fail",""
"2018/04/02 00:07:05",28,"CONFIRM","",""
"2018/04/02 00:07:05",28,"VERIFY","Octal","Shopping"
"2018/04/02 00:07:29",28,"RESULT","Fail",""
"2018/04/02 00:07:29",28,"CONFIRM","",""
"2018/04/02 00:07:30",28,"VERIFY","Octal","Email"
"2018/04/02 00:07:37",28,"RESULT","SUCCESS",""
"2018/04/02 00:07:37",28,"CONFIRM","",""
"2018/04/02 00:07:37",28,"FINISH","",""
"2018/04/02 00:07:37",28,"FINISH","",""
"2018/04/02 00:07:43",29,"Login","134.117.247.128",""
"2018/04/02 00:08:22",29,"START","",""
"2018/04/02 00:08:22",29,"REQUESTPASS","Email",""
"2018/04/02 00:08:22",29,"SETSCHEME","Octal","Email"
"2018/04/02 01:00:22",30,"Login","207.107.159.62",""
"2018/04/02 01:00:25",30,"START","",""
"2018/04/02 01:00:25",30,"REQUESTPASS","Email",""
"2018/04/02 01:00:25",30,"SETSCHEME","Octal","Email"
"2018/04/02 01:01:06",30,"CONFIRM","",""
"2018/04/02 01:01:06",30,"REQUESTPASS","Banking",""
"2018/04/02 01:01:06",30,"SETSCHEME","Octal","Banking"
"2018/04/02 01:01:20",30,"CONFIRM","",""
"2018/04/02 01:01:20",30,"REQUESTPASS","Shopping",""
"2018/04/02 01:01:20",30,"SETSCHEME","Octal","Shopping"
"2018/04/02 01:01:22",30,"SETSCHEME","Image","Shopping"
"2018/04/02 01:01:22",30,"REMEMBER","1",""
"2018/04/02 01:01:26",30,"SETSCHEME","Image","Shopping"
"2018/04/02 01:01:26",30,"REMEMBER","2",""
"2018/04/02 01:01:31",30,"SETSCHEME","Image","Shopping"
"2018/04/02 01:01:31",30,"REMEMBER","3",""
"2018/04/02 01:01:33",30,"SETSCHEME","Image","Shopping"
"2018/04/02 01:01:33",30,"REMEMBER","4",""
"2018/04/02 01:01:35",30,"SETSCHEME","Image","Shopping"
"2018/04/02 01:01:35",30,"CONFIRM","",""
"2018/04/02 01:01:35",30,"VERIFY","Octal","Shopping"
"2018/04/02 01:01:43",30,"VERIFY","Image","Shopping"
"2018/04/02 01:01:51",30,"VERIFY","Image","Shopping"
"2018/04/02 01:01:54",30,"VERIFY","Image","Shopping"
"2018/04/02 01:01:57",30,"VERIFY","Image","Shopping"
"2018/04/02 01:02:01",30,"VERIFY","Image","Shopping"
"2018/04/02 01:02:01",30,"RESULT","SUCCESS",""
"2018/04/02 01:02:01",30,"CONFIRM","",""
"2018/04/02 01:02:01",30,"VERIFY","Octal","Banking"
"2018/04/02 01:02:10",30,"RESULT","SUCCESS",""
"2018/04/02 01:02:10",30,"CONFIRM","",""
"2018/04/02 01:02:11",30,"VERIFY","Octal","Email"
"2018/04/02 01:02:32",30,"RESULT","Fail",""
"2018/04/02 01:02:32",30,"CONFIRM","",""
"2018/04/02 01:02:32",30,"VERIFY","Octal","Email"
"2018/04/02 01:02:47",30,"RESULT","Fail",""
"2018/04/02 01:02:47",30,"CONFIRM","",""
"2018/04/02 01:02:47",30,"VERIFY","Octal","Email"
"2018/04/02 01:03:04",30,"RESULT","Fail",""
"2018/04/02 01:03:04",30,"CONFIRM","",""
"2018/04/02 01:03:04",30,"FINISH","",""
"2018/04/02 01:03:04",30,"FINISH","",""
"2018/04/02 07:22:04",31,"Login","99.246.147.74",""
"2018/04/02 07:23:06",31,"START","",""
"2018/04/02 07:23:06",31,"REQUESTPASS","Email",""
"2018/04/02 07:23:06",31,"SETSCHEME","Octal","Email"
"2018/04/02 07:23:12",31,"SETSCHEME","Image","Email"
"2018/04/02 07:23:12",31,"REMEMBER","1",""
"2018/04/02 07:23:13",31,"SETSCHEME","Image","Email"
"2018/04/02 07:23:13",31,"REMEMBER","1",""
"2018/04/02 07:24:35",31,"SETSCHEME","Binary","Email"
"2018/04/02 07:26:28",31,"CONFIRM","",""
"2018/04/02 07:26:28",31,"REQUESTPASS","Banking",""
"2018/04/02 07:26:28",31,"SETSCHEME","Octal","Banking"
"2018/04/02 07:27:45",31,"CONFIRM","",""
"2018/04/02 07:27:45",31,"REQUESTPASS","Shopping",""
"2018/04/02 07:27:45",31,"SETSCHEME","Octal","Shopping"
"2018/04/02 07:28:48",31,"CONFIRM","",""
"2018/04/02 07:28:48",31,"VERIFY","Octal","Email"
"2018/04/02 07:29:45",31,"START","",""
"2018/04/02 07:29:45",31,"REQUESTPASS","Email",""
"2018/04/02 07:29:45",31,"SETSCHEME","Octal","Email"
"2018/04/02 07:29:51",31,"SETSCHEME","Octal","Email"
"2018/04/02 07:30:11",31,"CONFIRM","",""
"2018/04/02 07:30:12",31,"REQUESTPASS","Banking",""
"2018/04/02 07:30:12",31,"SETSCHEME","Octal","Banking"
"2018/04/02 07:30:33",31,"CONFIRM","",""
"2018/04/02 07:30:33",31,"REQUESTPASS","Shopping",""
"2018/04/02 07:30:33",31,"SETSCHEME","Octal","Shopping"
"2018/04/02 07:31:09",31,"CONFIRM","",""
"2018/04/02 07:31:09",31,"VERIFY","Octal","Email"
"2018/04/02 07:31:23",31,"RESULT","Fail",""
"2018/04/02 07:31:23",31,"CONFIRM","",""
"2018/04/02 07:31:23",31,"VERIFY","Octal","Email"
"2018/04/02 07:31:38",31,"RESULT","Fail",""
"2018/04/02 07:31:38",31,"CONFIRM","",""
"2018/04/02 07:31:38",31,"VERIFY","Octal","Email"
"2018/04/02 07:31:59",31,"RESULT","Fail",""
"2018/04/02 07:31:59",31,"CONFIRM","",""
"2018/04/02 07:31:59",31,"VERIFY","Octal","Banking"
"2018/04/02 07:32:13",31,"RESULT","Fail",""
"2018/04/02 07:32:13",31,"CONFIRM","",""
"2018/04/02 07:32:13",31,"VERIFY","Octal","Banking"
"2018/04/02 07:32:27",31,"RESULT","Fail",""
"2018/04/02 07:32:27",31,"CONFIRM","",""
"2018/04/02 07:32:27",31,"VERIFY","Octal","Banking"
"2018/04/02 07:32:44",31,"RESULT","Fail",""
"2018/04/02 07:32:44",31,"CONFIRM","",""
"2018/04/02 07:32:44",31,"VERIFY","Octal","Shopping"
"2018/04/02 07:33:03",31,"RESULT","Fail",""
"2018/04/02 07:33:03",31,"CONFIRM","",""
"2018/04/02 07:33:03",31,"VERIFY","Octal","Shopping"
"2018/04/02 07:33:16",31,"RESULT","Fail",""
"2018/04/02 07:33:16",31,"CONFIRM","",""
"2018/04/02 07:33:16",31,"VERIFY","Octal","Shopping"
"2018/04/02 07:33:27",31,"RESULT","Fail",""
"2018/04/02 07:33:27",31,"CONFIRM","",""
"2018/04/02 07:33:27",31,"FINISH","",""
"2018/04/02 07:33:27",31,"FINISH","",""
"2018/04/02 07:33:37",32,"Login","99.246.147.74",""
"2018/04/02 07:41:07",33,"Login","99.246.147.74",""
"2018/04/02 07:41:11",33,"START","",""
"2018/04/02 07:41:11",33,"REQUESTPASS","Email",""
"2018/04/02 07:41:11",33,"SETSCHEME","Octal","Email"
"2018/04/02 07:41:18",33,"SETSCHEME","Binary","Email"
"2018/04/02 07:42:20",33,"CONFIRM","",""
"2018/04/02 07:42:20",33,"REQUESTPASS","Banking",""
"2018/04/02 07:42:20",33,"SETSCHEME","Octal","Banking"
"2018/04/02 07:43:04",33,"CONFIRM","",""
"2018/04/02 07:43:04",33,"REQUESTPASS","Shopping",""
"2018/04/02 07:43:04",33,"SETSCHEME","Octal","Shopping"
"2018/04/02 07:43:41",33,"CONFIRM","",""
"2018/04/02 07:43:41",33,"VERIFY","Octal","Shopping"
"2018/04/02 07:44:33",33,"RESULT","Fail",""
"2018/04/02 07:44:33",33,"CONFIRM","",""
"2018/04/02 07:44:34",33,"VERIFY","Octal","Shopping"
"2018/04/02 07:44:52",33,"RESULT","SUCCESS",""
"2018/04/02 07:44:52",33,"CONFIRM","",""
"2018/04/02 07:44:52",33,"VERIFY","Octal","Banking"
"2018/04/02 07:45:04",33,"RESULT","SUCCESS",""
"2018/04/02 07:45:04",33,"CONFIRM","",""
"2018/04/02 07:45:04",33,"VERIFY","Octal","Email"
"2018/04/02 07:45:56",33,"RESULT","Fail",""
"2018/04/02 07:45:56",33,"CONFIRM","",""
"2018/04/02 07:45:56",33,"VERIFY","Octal","Email"
"2018/04/02 07:46:00",33,"RESULT","Fail",""
"2018/04/02 07:46:00",33,"CONFIRM","",""
"2018/04/02 07:46:01",33,"VERIFY","Octal","Email"
"2018/04/02 07:46:09",33,"RESULT","Fail",""
"2018/04/02 07:46:09",33,"CONFIRM","",""
"2018/04/02 07:46:10",33,"FINISH","",""
"2018/04/02 07:46:11",33,"FINISH","",""
"2018/04/02 07:41:37",34,"Login","61.129.7.217",""
"2018/04/02 07:47:14",35,"Login","99.246.147.74",""
"2018/04/02 07:47:18",35,"START","",""
"2018/04/02 07:47:18",35,"REQUESTPASS","Email",""
"2018/04/02 07:47:18",35,"SETSCHEME","Octal","Email"
"2018/04/02 07:47:26",35,"SETSCHEME","Binary","Email"
"2018/04/02 07:48:23",35,"CONFIRM","",""
"2018/04/02 07:48:23",35,"REQUESTPASS","Banking",""
"2018/04/02 07:48:23",35,"SETSCHEME","Octal","Banking"
"2018/04/02 07:48:31",35,"SETSCHEME","Binary","Banking"
"2018/04/02 07:49:29",35,"CONFIRM","",""
"2018/04/02 07:49:29",35,"REQUESTPASS","Shopping",""
"2018/04/02 07:49:29",35,"SETSCHEME","Octal","Shopping"
"2018/04/02 07:49:32",35,"SETSCHEME","Binary","Shopping"
"2018/04/02 07:50:39",35,"CONFIRM","",""
"2018/04/02 07:50:40",35,"VERIFY","Octal","Shopping"
"2018/04/02 07:51:00",35,"VERIFY","Octal","Shopping"
"2018/04/02 07:51:21",35,"RESULT","Fail",""
"2018/04/02 07:51:21",35,"CONFIRM","",""
"2018/04/02 07:51:21",35,"VERIFY","Octal","Shopping"
"2018/04/02 07:51:31",35,"VERIFY","Octal","Shopping"
"2018/04/02 07:51:55",35,"RESULT","SUCCESS",""
"2018/04/02 07:51:55",35,"CONFIRM","",""
"2018/04/02 07:51:55",35,"VERIFY","Octal","Email"
"2018/04/02 07:52:00",35,"VERIFY","Octal","Email"
"2018/04/02 07:52:14",35,"RESULT","SUCCESS",""
"2018/04/02 07:52:14",35,"CONFIRM","",""
"2018/04/02 07:52:14",35,"VERIFY","Octal","Banking"
"2018/04/02 07:52:26",35,"VERIFY","Octal","Banking"
"2018/04/02 07:52:38",35,"RESULT","SUCCESS",""
"2018/04/02 07:52:38",35,"CONFIRM","",""
"2018/04/02 07:52:38",35,"FINISH","",""
"2018/04/02 07:52:38",35,"FINISH","",""
"2018/04/02 08:46:56",36,"Login","95.85.7.220",""
"2018/04/02 12:26:11",37,"Login","134.117.249.33",""
"2018/04/02 12:26:11",38,"Login","134.117.249.33",""
"2018/04/02 12:35:51",38,"START","",""
"2018/04/02 12:35:51",38,"REQUESTPASS","Email",""
"2018/04/02 12:35:51",38,"SETSCHEME","Octal","Email"
"2018/04/02 12:36:14",38,"CONFIRM","",""
"2018/04/02 12:36:14",38,"REQUESTPASS","Banking",""
"2018/04/02 12:36:14",38,"SETSCHEME","Octal","Banking"
"2018/04/02 12:53:07",38,"SETSCHEME","Octal","Banking"
"2018/04/02 12:53:13",38,"START","",""
"2018/04/02 12:53:13",38,"REQUESTPASS","Email",""
"2018/04/02 12:53:13",38,"SETSCHEME","Octal","Email"
"2018/04/02 12:54:40",38,"SETSCHEME","Image","Email"
"2018/04/02 12:54:40",38,"REMEMBER","1",""
"2018/04/02 12:28:30",39,"Login","144.32.240.22",""
"2018/04/02 12:28:37",39,"START","",""
"2018/04/02 12:28:37",39,"REQUESTPASS","Email",""
"2018/04/02 12:28:38",39,"SETSCHEME","Octal","Email"
"2018/04/02 12:29:32",39,"CONFIRM","",""
"2018/04/02 12:29:32",39,"REQUESTPASS","Banking",""
"2018/04/02 12:29:32",39,"SETSCHEME","Octal","Banking"
"2018/04/02 12:30:03",39,"CONFIRM","",""
"2018/04/02 12:30:03",39,"REQUESTPASS","Shopping",""
"2018/04/02 12:30:04",39,"SETSCHEME","Octal","Shopping"
"2018/04/02 12:30:15",39,"CONFIRM","",""
"2018/04/02 12:30:15",39,"VERIFY","Octal","Email"
"2018/04/02 12:30:30",39,"RESULT","SUCCESS",""
"2018/04/02 12:30:30",39,"CONFIRM","",""
"2018/04/02 12:30:30",39,"VERIFY","Octal","Shopping"
"2018/04/02 12:30:47",39,"RESULT","Fail",""
"2018/04/02 12:30:47",39,"CONFIRM","",""
"2018/04/02 12:30:47",39,"VERIFY","Octal","Shopping"
"2018/04/02 12:30:59",39,"RESULT","Fail",""
"2018/04/02 12:30:59",39,"CONFIRM","",""
"2018/04/02 12:30:59",39,"VERIFY","Octal","Shopping"
"2018/04/02 12:31:17",39,"RESULT","Fail",""
"2018/04/02 12:31:17",39,"CONFIRM","",""
"2018/04/02 12:31:18",39,"VERIFY","Octal","Banking"
"2018/04/02 12:31:24",39,"RESULT","Fail",""
"2018/04/02 12:31:24",39,"CONFIRM","",""
"2018/04/02 12:31:24",39,"VERIFY","Octal","Banking"
"2018/04/02 12:35:02",39,"START","",""
"2018/04/02 12:35:02",39,"REQUESTPASS","Email",""
"2018/04/02 12:35:03",39,"SETSCHEME","Octal","Email"
"2018/04/02 12:35:33",39,"CONFIRM","",""
"2018/04/02 12:35:33",39,"REQUESTPASS","Email",""
"2018/04/02 12:35:33",39,"SETSCHEME","Octal","Email"
"2018/04/02 12:36:07",39,"CONFIRM","",""
"2018/04/02 12:36:07",39,"REQUESTPASS","Email",""
"2018/04/02 12:36:07",39,"SETSCHEME","Octal","Email"
"2018/04/02 12:36:12",39,"CONFIRM","",""
"2018/04/02 12:36:12",39,"REQUESTPASS","Email",""
"2018/04/02 12:36:12",39,"SETSCHEME","Octal","Email"
"2018/04/02 12:36:34",39,"START","",""
"2018/04/02 12:36:34",39,"REQUESTPASS","Email",""
"2018/04/02 12:36:34",39,"SETSCHEME","Octal","Email"
"2018/04/02 12:36:49",39,"CONFIRM","",""
"2018/04/02 12:36:49",39,"REQUESTPASS","Email",""
"2018/04/02 12:36:49",39,"SETSCHEME","Octal","Email"
"2018/04/02 12:36:43",40,"Login","134.117.249.33",""
"2018/04/02 12:36:45",40,"START","",""
"2018/04/02 12:36:45",40,"REQUESTPASS","Email",""
"2018/04/02 12:36:45",40,"SETSCHEME","Octal","Email"
"2018/04/02 12:36:53",40,"CONFIRM","",""
"2018/04/02 12:36:53",40,"REQUESTPASS","Banking",""
"2018/04/02 12:36:53",40,"SETSCHEME","Octal","Banking"
"2018/04/02 12:56:39",40,"CONFIRM","",""
"2018/04/02 12:56:39",40,"REQUESTPASS","Shopping",""
"2018/04/02 12:56:39",40,"SETSCHEME","Octal","Shopping"
"2018/04/02 12:56:41",40,"CONFIRM","",""
"2018/04/02 12:56:41",40,"VERIFY","Octal","Banking"
"2018/04/02 12:59:09",40,"VERIFY","Image","Banking"
"2018/04/02 12:59:20",40,"VERIFY","Octal","Banking"
"2018/04/02 13:00:59",40,"VERIFY","Image","Banking"
"2018/04/02 13:02:01",40,"VERIFY","Image","Banking"
"2018/04/02 12:37:37",41,"Login","144.32.240.22",""
"2018/04/02 12:37:40",41,"START","",""
"2018/04/02 12:37:40",41,"REQUESTPASS","Email",""
"2018/04/02 12:37:40",41,"SETSCHEME","Octal","Email"
"2018/04/02 12:37:53",41,"CONFIRM","",""
"2018/04/02 12:37:54",41,"REQUESTPASS","Banking",""
"2018/04/02 12:37:54",41,"SETSCHEME","Octal","Banking"
"2018/04/02 12:38:07",41,"CONFIRM","",""
"2018/04/02 12:38:07",41,"REQUESTPASS","Shopping",""
"2018/04/02 12:38:07",41,"SETSCHEME","Octal","Shopping"
"2018/04/02 12:38:15",41,"CONFIRM","",""
"2018/04/02 12:38:16",41,"VERIFY","Octal","Email"
"2018/04/02 12:38:39",41,"RESULT","SUCCESS",""
"2018/04/02 12:38:40",41,"CONFIRM","",""
"2018/04/02 12:38:40",41,"VERIFY","Octal","Banking"
"2018/04/02 12:38:53",41,"RESULT","SUCCESS",""
"2018/04/02 12:38:53",41,"CONFIRM","",""
"2018/04/02 12:38:54",41,"VERIFY","Octal","Shopping"
"2018/04/02 12:39:04",41,"RESULT","SUCCESS",""
"2018/04/02 12:39:04",41,"CONFIRM","",""
"2018/04/02 12:39:04",41,"FINISH","",""
"2018/04/02 12:39:04",41,"FINISH","",""
"2018/04/02 12:52:32",42,"Login","61.129.6.148",""
"2018/04/02 12:52:35",43,"Login","61.151.179.84",""
"2018/04/02 12:52:38",44,"Login","88.19.66.212",""
"2018/04/02 12:53:14",44,"START","",""
"2018/04/02 12:53:14",44,"REQUESTPASS","Email",""
"2018/04/02 12:53:15",44,"SETSCHEME","Octal","Email"
"2018/04/02 12:53:58",44,"SETSCHEME","Octal","Email"
"2018/04/02 12:54:11",44,"SETSCHEME","Image","Email"
"2018/04/02 12:54:11",44,"REMEMBER","1",""
"2018/04/02 12:54:17",44,"SETSCHEME","Binary","Email"
"2018/04/02 12:54:32",44,"SETSCHEME","Image","Email"
"2018/04/02 12:54:32",44,"REMEMBER","1",""
"2018/04/02 12:54:53",44,"SETSCHEME","Image","Email"
"2018/04/02 12:54:53",44,"REMEMBER","2",""
"2018/04/02 12:55:01",44,"SETSCHEME","Image","Email"
"2018/04/02 12:55:01",44,"REMEMBER","3",""
"2018/04/02 12:55:04",44,"SETSCHEME","Image","Email"
"2018/04/02 12:55:04",44,"REMEMBER","4",""
"2018/04/02 12:55:07",44,"SETSCHEME","Image","Email"
"2018/04/02 12:55:07",44,"CONFIRM","",""
"2018/04/02 12:55:08",44,"REQUESTPASS","Banking",""
"2018/04/02 12:55:08",44,"SETSCHEME","Octal","Banking"
"2018/04/02 12:55:29",44,"CONFIRM","",""
"2018/04/02 12:55:29",44,"REQUESTPASS","Shopping",""
"2018/04/02 12:55:29",44,"SETSCHEME","Octal","Shopping"
"2018/04/02 12:55:34",44,"CONFIRM","",""
"2018/04/02 12:55:34",44,"VERIFY","Octal","Banking"
"2018/04/02 12:55:45",44,"RESULT","Fail",""
"2018/04/02 12:55:45",44,"CONFIRM","",""
"2018/04/02 12:55:46",44,"VERIFY","Octal","Banking"
"2018/04/02 12:55:56",44,"RESULT","SUCCESS",""
"2018/04/02 12:55:56",44,"CONFIRM","",""
"2018/04/02 12:55:56",44,"VERIFY","Octal","Shopping"
"2018/04/02 12:56:10",44,"VERIFY","Octal","Shopping"
"2018/04/02 12:57:14",44,"START","",""
"2018/04/02 12:57:14",44,"REQUESTPASS","Email",""
"2018/04/02 12:57:14",44,"SETSCHEME","Octal","Email"
"2018/04/02 12:58:10",44,"CONFIRM","",""
"2018/04/02 12:58:10",44,"REQUESTPASS","Banking",""
"2018/04/02 12:58:10",44,"SETSCHEME","Octal","Banking"
"2018/04/02 12:58:27",44,"CONFIRM","",""
"2018/04/02 12:58:27",44,"REQUESTPASS","Shopping",""
"2018/04/02 12:58:28",44,"SETSCHEME","Octal","Shopping"
"2018/04/02 12:58:40",44,"CONFIRM","",""
"2018/04/02 12:58:41",44,"VERIFY","Octal","Banking"
"2018/04/02 12:59:43",44,"RESULT","Fail",""
"2018/04/02 12:59:43",44,"CONFIRM","",""
"2018/04/02 12:59:43",44,"VERIFY","Octal","Banking"
"2018/04/02 12:59:51",44,"RESULT","Fail",""
"2018/04/02 12:59:51",44,"CONFIRM","",""
"2018/04/02 12:59:51",44,"VERIFY","Octal","Banking"
"2018/04/02 12:59:59",44,"RESULT","Fail",""
"2018/04/02 12:59:59",44,"CONFIRM","",""
"2018/04/02 12:59:59",44,"VERIFY","Octal","Shopping"
"2018/04/02 13:00:13",44,"RESULT","Fail",""
"2018/04/02 13:00:13",44,"CONFIRM","",""
"2018/04/02 13:00:14",44,"VERIFY","Octal","Shopping"
"2018/04/02 13:00:27",44,"RESULT","Fail",""
"2018/04/02 13:00:27",44,"CONFIRM","",""
"2018/04/02 13:00:27",44,"VERIFY","Octal","Shopping"
"2018/04/02 13:00:34",44,"RESULT","Fail",""
"2018/04/02 13:00:34",44,"CONFIRM","",""
"2018/04/02 13:00:34",44,"VERIFY","Octal","Email"
"2018/04/02 13:00:45",44,"RESULT","Fail",""
"2018/04/02 13:00:45",44,"CONFIRM","",""
"2018/04/02 13:00:45",44,"VERIFY","Octal","Email"
"2018/04/02 13:00:50",44,"RESULT","Fail",""
"2018/04/02 13:00:51",44,"CONFIRM","",""
"2018/04/02 13:00:51",44,"VERIFY","Octal","Email"
"2018/04/02 13:00:58",44,"RESULT","Fail",""
"2018/04/02 13:00:58",44,"CONFIRM","",""
"2018/04/02 13:00:59",44,"FINISH","",""
"2018/04/02 13:00:59",44,"FINISH","",""
"2018/04/02 12:53:31",45,"Login","61.129.6.75",""
"2018/04/02 12:57:05",46,"Login","61.151.178.168",""
"2018/04/02 12:57:07",47,"Login","101.226.226.221",""
"2018/04/02 12:58:05",48,"Login","61.151.178.174",""
"2018/04/02 13:01:05",49,"Login","88.19.66.212",""
"2018/04/02 13:01:07",49,"START","",""
"2018/04/02 13:01:07",49,"REQUESTPASS","Email",""
"2018/04/02 13:01:07",49,"SETSCHEME","Octal","Email"
"2018/04/02 13:01:28",49,"START","",""
"2018/04/02 13:01:28",49,"REQUESTPASS","Email",""
"2018/04/02 13:01:28",49,"SETSCHEME","Octal","Email"
"2018/04/02 13:01:32",49,"SETSCHEME","Image","Email"
"2018/04/02 13:01:32",49,"REMEMBER","1",""
"2018/04/02 13:01:37",49,"SETSCHEME","Image","Email"
"2018/04/02 13:01:37",49,"REMEMBER","2",""
"2018/04/02 13:01:41",49,"SETSCHEME","Image","Email"
"2018/04/02 13:01:41",49,"REMEMBER","3",""
"2018/04/02 13:01:45",49,"SETSCHEME","Image","Email"
"2018/04/02 13:01:45",49,"REMEMBER","4",""
"2018/04/02 13:01:47",49,"SETSCHEME","Image","Email"
"2018/04/02 13:01:47",49,"CONFIRM","",""
"2018/04/02 13:01:47",49,"REQUESTPASS","Banking",""
"2018/04/02 13:01:48",49,"SETSCHEME","Octal","Banking"
"2018/04/02 13:02:18",49,"SETSCHEME","Image","Banking"
"2018/04/02 13:02:18",49,"REMEMBER","1",""
"2018/04/02 13:02:26",49,"SETSCHEME","Image","Banking"
"2018/04/02 13:02:26",49,"REMEMBER","2",""
"2018/04/02 13:02:29",49,"SETSCHEME","Image","Banking"
"2018/04/02 13:02:29",49,"REMEMBER","3",""
"2018/04/02 13:02:33",49,"SETSCHEME","Image","Banking"
"2018/04/02 13:02:33",49,"REMEMBER","4",""
"2018/04/02 13:02:36",49,"SETSCHEME","Image","Banking"
"2018/04/02 13:02:36",49,"CONFIRM","",""
"2018/04/02 13:02:36",49,"REQUESTPASS","Shopping",""
"2018/04/02 13:02:36",49,"SETSCHEME","Octal","Shopping"
"2018/04/02 13:02:49",49,"SETSCHEME","Image","Shopping"
"2018/04/02 13:02:49",49,"REMEMBER","1",""
"2018/04/02 13:02:57",49,"SETSCHEME","Image","Shopping"
"2018/04/02 13:02:57",49,"REMEMBER","2",""
"2018/04/02 13:03:00",49,"SETSCHEME","Image","Shopping"
"2018/04/02 13:03:00",49,"REMEMBER","3",""
"2018/04/02 13:03:04",49,"SETSCHEME","Image","Shopping"
"2018/04/02 13:03:04",49,"REMEMBER","4",""
"2018/04/02 13:03:07",49,"SETSCHEME","Image","Shopping"
"2018/04/02 13:03:07",49,"CONFIRM","",""
"2018/04/02 13:03:07",49,"VERIFY","Octal","Banking"
"2018/04/02 13:03:17",49,"VERIFY","Image","Banking"
"2018/04/02 13:03:57",49,"VERIFY","Image","Banking"
"2018/04/02 13:04:13",49,"VERIFY","Image","Banking"
"2018/04/02 13:04:21",49,"VERIFY","Image","Banking"
"2018/04/02 13:04:25",49,"VERIFY","Image","Banking"
"2018/04/02 13:04:25",49,"RESULT","Fail",""
"2018/04/02 13:04:25",49,"CONFIRM","",""
"2018/04/02 13:04:25",49,"VERIFY","Octal","Banking"
"2018/04/02 13:04:45",49,"VERIFY","Image","Banking"
"2018/04/02 13:04:57",49,"VERIFY","Image","Banking"
"2018/04/02 13:05:05",49,"VERIFY","Image","Banking"
"2018/04/02 13:05:08",49,"VERIFY","Image","Banking"
"2018/04/02 13:05:11",49,"VERIFY","Image","Banking"
"2018/04/02 13:05:11",49,"RESULT","Fail",""
"2018/04/02 13:05:11",49,"CONFIRM","",""
"2018/04/02 13:05:11",49,"VERIFY","Octal","Banking"
"2018/04/02 13:05:16",49,"VERIFY","Image","Banking"
"2018/04/02 13:05:28",49,"VERIFY","Image","Banking"
"2018/04/02 13:05:32",49,"VERIFY","Image","Banking"
"2018/04/02 13:05:34",49,"VERIFY","Image","Banking"
"2018/04/02 13:05:38",49,"VERIFY","Image","Banking"
"2018/04/02 13:05:38",49,"RESULT","Fail",""
"2018/04/02 13:05:38",49,"CONFIRM","",""
"2018/04/02 13:05:38",49,"VERIFY","Octal","Email"
"2018/04/02 13:05:56",49,"VERIFY","Image","Email"
"2018/04/02 13:06:32",49,"VERIFY","Image","Email"
"2018/04/02 13:06:36",49,"VERIFY","Image","Email"
"2018/04/02 13:06:42",49,"VERIFY","Image","Email"
"2018/04/02 13:06:46",49,"VERIFY","Image","Email"
"2018/04/02 13:06:46",49,"RESULT","Fail",""
"2018/04/02 13:06:46",49,"CONFIRM","",""
"2018/04/02 13:06:46",49,"VERIFY","Octal","Email"
"2018/04/02 13:06:50",49,"VERIFY","Image","Email"
"2018/04/02 13:06:57",49,"VERIFY","Image","Email"
"2018/04/02 13:07:13",49,"VERIFY","Image","Email"
"2018/04/02 13:07:21",49,"VERIFY","Image","Email"
"2018/04/02 13:07:24",49,"VERIFY","Image","Email"
"2018/04/02 13:07:25",49,"RESULT","SUCCESS",""
"2018/04/02 13:07:25",49,"CONFIRM","",""
"2018/04/02 13:07:25",49,"VERIFY","Octal","Shopping"
"2018/04/02 13:07:38",49,"VERIFY","Image","Shopping"
"2018/04/02 13:07:49",49,"VERIFY","Image","Shopping"
"2018/04/02 13:07:58",49,"VERIFY","Image","Shopping"
"2018/04/02 13:08:03",49,"VERIFY","Image","Shopping"
"2018/04/02 13:08:06",49,"VERIFY","Image","Shopping"
"2018/04/02 13:08:06",49,"RESULT","Fail",""
"2018/04/02 13:08:06",49,"CONFIRM","",""
"2018/04/02 13:08:06",49,"VERIFY","Octal","Shopping"
"2018/04/02 13:08:10",49,"VERIFY","Image","Shopping"
"2018/04/02 13:08:20",49,"VERIFY","Image","Shopping"
"2018/04/02 13:08:23",49,"VERIFY","Image","Shopping"
"2018/04/02 13:08:26",49,"VERIFY","Image","Shopping"
"2018/04/02 13:08:29",49,"VERIFY","Image","Shopping"
"2018/04/02 13:08:29",49,"RESULT","Fail",""
"2018/04/02 13:08:29",49,"CONFIRM","",""
"2018/04/02 13:08:29",49,"VERIFY","Octal","Shopping"
"2018/04/02 13:08:32",49,"VERIFY","Image","Shopping"
"2018/04/02 13:08:36",49,"VERIFY","Image","Shopping"
"2018/04/02 13:08:39",49,"VERIFY","Image","Shopping"
"2018/04/02 13:08:43",49,"VERIFY","Image","Shopping"
"2018/04/02 13:08:45",49,"VERIFY","Image","Shopping"
"2018/04/02 13:08:46",49,"RESULT","Fail",""
"2018/04/02 13:08:46",49,"CONFIRM","",""
"2018/04/02 13:08:46",49,"FINISH","",""
"2018/04/02 13:08:46",49,"FINISH","",""
"2018/04/02 13:01:24",50,"Login","101.226.226.221",""
"2018/04/02 13:01:25",51,"Login","101.226.225.86",""
"2018/04/02 13:02:24",52,"Login","61.151.178.170",""
"2018/04/02 13:34:54",53,"Login","72.141.53.192",""
"2018/04/02 13:36:54",53,"START","",""
"2018/04/02 13:36:54",53,"REQUESTPASS","Email",""
"2018/04/02 13:36:54",53,"SETSCHEME","Octal","Email"
"2018/04/02 13:37:39",53,"CONFIRM","",""
"2018/04/02 13:37:39",53,"REQUESTPASS","Banking",""
"2018/04/02 13:37:39",53,"SETSCHEME","Octal","Banking"
"2018/04/02 13:37:48",53,"CONFIRM","",""
"2018/04/02 13:37:48",53,"REQUESTPASS","Shopping",""
"2018/04/02 13:37:48",53,"SETSCHEME","Octal","Shopping"
"2018/04/02 13:37:55",53,"CONFIRM","",""
"2018/04/02 13:37:55",53,"VERIFY","Octal","Email"
"2018/04/02 13:38:01",53,"RESULT","Fail",""
"2018/04/02 13:38:01",53,"CONFIRM","",""
"2018/04/02 13:38:01",53,"VERIFY","Octal","Email"
"2018/04/02 13:38:06",53,"RESULT","SUCCESS",""
"2018/04/02 13:38:06",53,"CONFIRM","",""
"2018/04/02 13:38:06",53,"VERIFY","Octal","Banking"
"2018/04/02 13:38:12",53,"RESULT","Fail",""
"2018/04/02 13:38:12",53,"CONFIRM","",""
"2018/04/02 13:38:12",53,"VERIFY","Octal","Banking"
"2018/04/02 13:38:17",53,"RESULT","Fail",""
"2018/04/02 13:38:17",53,"CONFIRM","",""
"2018/04/02 13:38:17",53,"VERIFY","Octal","Banking"
"2018/04/02 13:36:04",54,"Login","134.117.249.33",""
"2018/04/02 13:38:47",55,"Login","72.141.53.192",""
"2018/04/02 13:38:50",55,"START","",""
"2018/04/02 13:38:50",55,"REQUESTPASS","Email",""
"2018/04/02 13:38:50",55,"SETSCHEME","Octal","Email"
"2018/04/02 13:39:01",55,"CONFIRM","",""
"2018/04/02 13:39:01",55,"REQUESTPASS","Banking",""
"2018/04/02 13:39:01",55,"SETSCHEME","Octal","Banking"
"2018/04/02 13:39:11",55,"CONFIRM","",""
"2018/04/02 13:39:11",55,"REQUESTPASS","Shopping",""
"2018/04/02 13:39:11",55,"SETSCHEME","Octal","Shopping"
"2018/04/02 13:39:31",55,"CONFIRM","",""
"2018/04/02 13:39:31",55,"VERIFY","Octal","Shopping"
"2018/04/02 13:39:47",55,"RESULT","Fail",""
"2018/04/02 13:39:47",55,"CONFIRM","",""
"2018/04/02 13:39:47",55,"VERIFY","Octal","Shopping"
"2018/04/02 13:39:55",55,"RESULT","Fail",""
"2018/04/02 13:39:55",55,"CONFIRM","",""
"2018/04/02 13:39:55",55,"VERIFY","Octal","Shopping"
"2018/04/02 13:40:06",55,"RESULT","Fail",""
"2018/04/02 13:40:06",55,"CONFIRM","",""
"2018/04/02 13:40:06",55,"VERIFY","Octal","Email"
"2018/04/02 13:40:24",55,"RESULT","SUCCESS",""
"2018/04/02 13:40:24",55,"CONFIRM","",""
"2018/04/02 13:40:24",55,"VERIFY","Octal","Banking"
"2018/04/02 13:40:33",55,"RESULT","SUCCESS",""
"2018/04/02 13:40:34",55,"CONFIRM","",""
"2018/04/02 13:40:34",55,"FINISH","",""
"2018/04/02 13:40:34",55,"FINISH","",""
"2018/04/02 13:44:45",56,"Login","72.141.53.192",""
"2018/04/02 13:44:50",56,"START","",""
"2018/04/02 13:44:50",56,"REQUESTPASS","Email",""
"2018/04/02 13:44:50",56,"SETSCHEME","Octal","Email"
"2018/04/02 13:44:54",56,"SETSCHEME","Image","Email"
"2018/04/02 13:44:54",56,"REMEMBER","1",""
"2018/04/02 13:45:05",56,"SETSCHEME","Image","Email"
"2018/04/02 13:45:05",56,"REMEMBER","2",""
"2018/04/02 13:45:10",56,"SETSCHEME","Image","Email"
"2018/04/02 13:45:10",56,"REMEMBER","3",""
"2018/04/02 13:45:19",56,"SETSCHEME","Image","Email"
"2018/04/02 13:45:19",56,"REMEMBER","4",""
"2018/04/02 13:45:36",56,"SETSCHEME","Image","Email"
"2018/04/02 13:45:36",56,"CONFIRM","",""
"2018/04/02 13:45:36",56,"REQUESTPASS","Banking",""
"2018/04/02 13:45:36",56,"SETSCHEME","Octal","Banking"
"2018/04/02 13:45:43",56,"SETSCHEME","Image","Banking"
"2018/04/02 13:45:43",56,"REMEMBER","1",""
"2018/04/02 13:46:06",56,"SETSCHEME","Image","Banking"
"2018/04/02 13:46:06",56,"REMEMBER","2",""
"2018/04/02 13:46:09",56,"SETSCHEME","Image","Banking"
"2018/04/02 13:46:09",56,"REMEMBER","3",""
"2018/04/02 13:46:12",56,"SETSCHEME","Image","Banking"
"2018/04/02 13:46:12",56,"REMEMBER","4",""
"2018/04/02 13:46:14",56,"SETSCHEME","Image","Banking"
"2018/04/02 13:46:14",56,"CONFIRM","",""
"2018/04/02 13:46:14",56,"REQUESTPASS","Shopping",""
"2018/04/02 13:46:14",56,"SETSCHEME","Octal","Shopping"
"2018/04/02 13:46:19",56,"CONFIRM","",""
"2018/04/02 13:46:19",56,"VERIFY","Octal","Banking"
"2018/04/02 13:46:21",56,"VERIFY","Image","Banking"
"2018/04/02 13:46:51",56,"VERIFY","Image","Banking"
"2018/04/02 13:47:27",57,"Login","72.141.53.192",""
"2018/04/02 13:47:30",57,"START","",""
"2018/04/02 13:47:30",57,"REQUESTPASS","Email",""
"2018/04/02 13:47:30",57,"SETSCHEME","Octal","Email"
"2018/04/02 13:47:49",57,"SETSCHEME","Binary","Email"
"2018/04/02 13:47:55",57,"SETSCHEME","Octal","Email"
"2018/04/02 13:47:58",57,"CONFIRM","",""
"2018/04/02 13:47:58",57,"REQUESTPASS","Banking",""
"2018/04/02 13:47:58",57,"SETSCHEME","Octal","Banking"
"2018/04/02 13:48:09",57,"CONFIRM","",""
"2018/04/02 13:48:09",57,"REQUESTPASS","Shopping",""
"2018/04/02 13:48:09",57,"SETSCHEME","Octal","Shopping"
"2018/04/02 13:48:18",57,"SETSCHEME","Image","Shopping"
"2018/04/02 13:48:18",57,"REMEMBER","1",""
"2018/04/02 13:48:21",57,"SETSCHEME","Image","Shopping"
"2018/04/02 13:48:21",57,"REMEMBER","2",""
"2018/04/02 13:48:26",57,"SETSCHEME","Octal","Shopping"
"2018/04/02 13:48:27",57,"CONFIRM","",""
"2018/04/02 13:48:27",57,"VERIFY","Octal","Shopping"
"2018/04/02 13:48:29",57,"RESULT","Fail",""
"2018/04/02 13:48:29",57,"CONFIRM","",""
"2018/04/02 13:48:29",57,"VERIFY","Octal","Shopping"
"2018/04/02 13:48:40",57,"RESULT","SUCCESS",""
"2018/04/02 13:48:40",57,"CONFIRM","",""
"2018/04/02 13:48:40",57,"VERIFY","Octal","Banking"
"2018/04/02 13:48:51",57,"RESULT","SUCCESS",""
"2018/04/02 13:48:51",57,"CONFIRM","",""
"2018/04/02 13:48:51",57,"VERIFY","Octal","Email"
"2018/04/02 13:48:55",57,"VERIFY","Octal","Email"
"2018/04/02 13:48:57",57,"VERIFY","Octal","Email"
"2018/04/02 13:49:12",57,"RESULT","SUCCESS",""
"2018/04/02 13:49:12",57,"CONFIRM","",""
"2018/04/02 13:49:12",57,"FINISH","",""
"2018/04/02 13:49:12",57,"FINISH","",""
"2018/04/02 14:15:52",58,"Login","61.151.207.252",""
"2018/04/02 14:15:53",59,"Login","101.226.225.86",""
"2018/04/02 14:15:57",60,"Login","207.216.28.99",""
"2018/04/02 14:16:01",60,"START","",""
"2018/04/02 14:16:01",60,"REQUESTPASS","Email",""
"2018/04/02 14:16:01",60,"SETSCHEME","Octal","Email"
"2018/04/02 14:16:15",61,"Login","58.247.212.98",""
"2018/04/02 14:16:44",62,"Login","207.216.28.99",""
"2018/04/02 14:16:45",62,"START","",""
"2018/04/02 14:16:46",62,"REQUESTPASS","Email",""
"2018/04/02 14:16:46",62,"SETSCHEME","Octal","Email"
"2018/04/02 14:17:33",62,"CONFIRM","",""
"2018/04/02 14:17:33",62,"REQUESTPASS","Banking",""
"2018/04/02 14:17:33",62,"SETSCHEME","Octal","Banking"
"2018/04/02 14:18:36",62,"CONFIRM","",""
"2018/04/02 14:18:36",62,"REQUESTPASS","Shopping",""
"2018/04/02 14:18:36",62,"SETSCHEME","Octal","Shopping"
"2018/04/02 14:19:50",62,"CONFIRM","",""
"2018/04/02 14:19:50",62,"VERIFY","Octal","Email"
"2018/04/02 14:21:22",62,"RESULT","Fail",""
"2018/04/02 14:21:23",62,"CONFIRM","",""
"2018/04/02 14:21:23",62,"VERIFY","Octal","Email"
"2018/04/02 14:21:44",62,"RESULT","Fail",""
"2018/04/02 14:21:44",62,"CONFIRM","",""
"2018/04/02 14:21:45",62,"VERIFY","Octal","Email"
"2018/04/02 14:21:54",62,"RESULT","Fail",""
"2018/04/02 14:21:55",62,"CONFIRM","",""
"2018/04/02 14:21:55",62,"VERIFY","Octal","Banking"
"2018/04/02 14:22:12",62,"RESULT","SUCCESS",""
"2018/04/02 14:22:13",62,"CONFIRM","",""
"2018/04/02 14:22:13",62,"VERIFY","Octal","Shopping"
"2018/04/02 14:22:39",62,"RESULT","Fail",""
"2018/04/02 14:22:39",62,"CONFIRM","",""
"2018/04/02 14:22:39",62,"VERIFY","Octal","Shopping"
"2018/04/02 14:23:03",62,"RESULT","Fail",""
"2018/04/02 14:23:03",62,"CONFIRM","",""
"2018/04/02 14:23:03",62,"VERIFY","Octal","Shopping"
"2018/04/02 14:23:36",62,"RESULT","SUCCESS",""
"2018/04/02 14:23:36",62,"CONFIRM","",""
"2018/04/02 14:23:36",62,"FINISH","",""
"2018/04/02 14:23:37",62,"FINISH","",""
"2018/04/02 14:16:47",63,"Login","61.151.207.252",""
"2018/04/02 14:17:02",64,"Login","61.151.178.166",""
"2018/04/02 14:17:02",65,"Login","61.151.178.168",""
"2018/04/02 14:17:04",66,"Login","61.151.180.39",""
"2018/04/02 14:17:04",67,"Login","61.129.7.217",""
"2018/04/02 14:17:05",68,"Login","61.151.178.167",""
"2018/04/02 14:46:38",69,"Login","134.117.247.209",""
"2018/04/02 14:46:47",69,"START","",""
"2018/04/02 14:46:47",69,"REQUESTPASS","Email",""
"2018/04/02 14:46:47",69,"SETSCHEME","Octal","Email"
"2018/04/02 14:46:52",69,"SETSCHEME","Image","Email"
"2018/04/02 14:46:52",69,"REMEMBER","1",""
"2018/04/02 14:47:17",69,"SETSCHEME","Image","Email"
"2018/04/02 14:47:17",69,"REMEMBER","2",""
"2018/04/02 14:47:23",69,"SETSCHEME","Image","Email"
"2018/04/02 14:47:23",69,"REMEMBER","3",""
"2018/04/02 14:47:27",69,"SETSCHEME","Image","Email"
"2018/04/02 14:47:27",69,"REMEMBER","4",""
"2018/04/02 14:47:29",69,"SETSCHEME","Image","Email"
"2018/04/02 14:47:29",69,"CONFIRM","",""
"2018/04/02 14:47:30",69,"REQUESTPASS","Banking",""
"2018/04/02 14:47:30",69,"SETSCHEME","Octal","Banking"
"2018/04/02 14:47:43",69,"SETSCHEME","Image","Banking"
"2018/04/02 14:47:43",69,"REMEMBER","1",""
"2018/04/02 14:47:53",69,"SETSCHEME","Image","Banking"
"2018/04/02 14:47:53",69,"REMEMBER","2",""
"2018/04/02 14:47:56",69,"SETSCHEME","Image","Banking"
"2018/04/02 14:47:56",69,"REMEMBER","3",""
"2018/04/02 14:47:56",69,"SETSCHEME","Image","Banking"
"2018/04/02 14:47:56",69,"REMEMBER","3",""
"2018/04/02 14:47:59",69,"SETSCHEME","Image","Banking"
"2018/04/02 14:47:59",69,"REMEMBER","4",""
"2018/04/02 14:48:02",69,"SETSCHEME","Image","Banking"
"2018/04/02 14:48:02",69,"CONFIRM","",""
"2018/04/02 14:48:02",69,"REQUESTPASS","Shopping",""
"2018/04/02 14:48:02",69,"SETSCHEME","Octal","Shopping"
"2018/04/02 14:48:04",69,"SETSCHEME","Image","Shopping"
"2018/04/02 14:48:04",69,"REMEMBER","1",""
"2018/04/02 14:48:09",69,"SETSCHEME","Image","Shopping"
"2018/04/02 14:48:09",69,"REMEMBER","2",""
"2018/04/02 14:48:12",69,"SETSCHEME","Image","Shopping"
"2018/04/02 14:48:12",69,"REMEMBER","3",""
"2018/04/02 14:48:16",69,"SETSCHEME","Image","Shopping"
"2018/04/02 14:48:16",69,"REMEMBER","4",""
"2018/04/02 14:48:19",69,"SETSCHEME","Image","Shopping"
"2018/04/02 14:48:19",69,"CONFIRM","",""
"2018/04/02 14:48:19",69,"VERIFY","Octal","Shopping"
"2018/04/02 14:48:25",69,"VERIFY","Image","Shopping"
"2018/04/02 14:48:37",69,"VERIFY","Image","Shopping"
"2018/04/02 14:48:48",69,"VERIFY","Image","Shopping"
"2018/04/02 14:48:57",69,"VERIFY","Image","Shopping"
"2018/04/02 14:49:01",69,"VERIFY","Image","Shopping"
"2018/04/02 14:49:01",69,"RESULT","SUCCESS",""
"2018/04/02 14:49:01",69,"CONFIRM","",""
"2018/04/02 14:49:01",69,"VERIFY","Octal","Email"
"2018/04/02 14:49:07",69,"VERIFY","Image","Email"
"2018/04/02 14:49:13",69,"VERIFY","Image","Email"
"2018/04/02 14:49:26",69,"VERIFY","Image","Email"
"2018/04/02 14:49:31",69,"VERIFY","Image","Email"
"2018/04/02 14:49:34",69,"VERIFY","Image","Email"
"2018/04/02 14:49:34",69,"RESULT","SUCCESS",""
"2018/04/02 14:49:34",69,"CONFIRM","",""
"2018/04/02 14:49:34",69,"VERIFY","Octal","Banking"
"2018/04/02 14:49:37",69,"VERIFY","Image","Banking"
"2018/04/02 14:49:42",69,"VERIFY","Image","Banking"
"2018/04/02 14:49:46",69,"VERIFY","Image","Banking"
"2018/04/02 14:49:50",69,"VERIFY","Image","Banking"
"2018/04/02 14:49:53",69,"VERIFY","Image","Banking"
"2018/04/02 14:49:53",69,"RESULT","SUCCESS",""
"2018/04/02 14:49:53",69,"CONFIRM","",""
"2018/04/02 14:49:53",69,"FINISH","",""
"2018/04/02 14:49:53",69,"FINISH","",""
"2018/04/02 14:46:57",70,"Login","120.204.17.67",""
"2018/04/02 14:46:57",70,"START","",""
"2018/04/02 14:46:58",70,"REQUESTPASS","Email",""
"2018/04/02 14:46:58",70,"SETSCHEME","Octal","Email"
"2018/04/02 14:47:00",71,"Login","61.151.178.169",""
"2018/04/02 14:47:00",71,"START","",""
"2018/04/02 14:47:01",71,"REQUESTPASS","Email",""
"2018/04/02 14:47:01",71,"SETSCHEME","Octal","Email"
"2018/04/02 14:47:47",72,"Login","61.151.178.171",""
"2018/04/02 14:47:47",72,"START","",""
"2018/04/02 14:47:47",73,"Login","61.151.178.164",""
"2018/04/02 14:47:52",74,"Login","61.151.179.83",""
"2018/04/02 14:47:52",75,"Login","61.151.178.173",""
"2018/04/02 14:47:53",76,"Login","61.151.178.164",""
"2018/04/02 14:47:53",77,"Login","61.151.178.179",""
"2018/04/02 14:47:54",78,"Login","61.151.178.175",""
"2018/04/02 14:48:17",79,"Login","101.226.225.86",""
"2018/04/02 14:48:19",80,"Login","61.151.178.180",""
"2018/04/02 14:48:28",81,"Login","101.226.225.59",""
"2018/04/02 14:48:28",82,"Login","61.151.178.167",""
"2018/04/02 14:48:30",83,"Login","61.129.8.199",""
"2018/04/02 14:48:30",84,"Login","101.226.225.84",""
"2018/04/02 14:48:30",84,"CONFIRM","",""
"2018/04/02 14:48:31",85,"Login","61.129.6.151",""
"2018/04/02 14:48:31",85,"CONFIRM","",""
"2018/04/02 14:48:43",86,"Login","61.151.179.27",""
"2018/04/02 14:49:03",87,"Login","61.129.7.217",""
"2018/04/02 14:49:03",87,"CONFIRM","",""
"2018/04/02 14:49:04",88,"Login","61.129.6.151",""
"2018/04/02 14:49:11",89,"Login","120.204.17.71",""
"2018/04/02 14:49:18",90,"Login","120.204.17.71",""
"2018/04/02 14:49:19",91,"Login","61.151.178.177",""
"2018/04/02 14:49:19",91,"VERIFY","Octal","Shopping"
"2018/04/02 14:49:26",92,"Login","61.151.207.252",""
"2018/04/02 14:49:26",92,"VERIFY","Image","Shopping"
"2018/04/02 14:49:26",93,"Login","61.151.178.166",""
"2018/04/02 14:49:38",94,"Login","61.129.6.151",""
"2018/04/02 14:49:38",94,"VERIFY","Image","Shopping"
"2018/04/02 14:49:49",95,"Login","61.129.6.147",""
"2018/04/02 14:49:49",95,"VERIFY","Image","Shopping"
"2018/04/02 14:49:49",96,"Login","61.129.8.199",""
"2018/04/02 14:49:49",96,"VERIFY","Image","Shopping"
"2018/04/02 14:49:58",97,"Login","61.151.178.173",""
"2018/04/02 14:49:58",97,"VERIFY","Image","Shopping"
"2018/04/02 14:50:01",98,"Login","61.129.8.203",""
"2018/04/02 14:50:01",98,"VERIFY","Octal","Email"
"2018/04/02 14:50:01",99,"Login","61.129.7.217",""
"2018/04/02 14:50:01",99,"VERIFY","Image","Shopping"
"2018/04/02 14:50:01",100,"Login","61.151.178.169",""
"2018/04/02 14:50:02",101,"Login","61.151.178.174",""
"2018/04/02 14:50:02",101,"VERIFY","Octal","Email"
"2018/04/02 14:50:08",102,"Login","61.151.178.173",""
"2018/04/02 14:50:08",102,"VERIFY","Image","Email"
"2018/04/02 14:50:08",103,"Login","61.151.180.39",""
"2018/04/02 14:50:13",104,"Login","101.226.225.85",""
"2018/04/02 14:50:13",104,"VERIFY","Image","Email"
"2018/04/02 14:50:31",105,"Login","61.151.178.167",""
"2018/04/02 14:50:31",105,"VERIFY","Image","Email"
"2018/04/02 14:50:34",106,"Login","61.129.8.199",""
"2018/04/02 14:50:34",106,"VERIFY","Octal","Banking"
"2018/04/02 14:50:35",107,"Login","61.151.180.39",""
"2018/04/02 14:50:35",107,"VERIFY","Image","Email"
"2018/04/02 14:50:35",108,"Login","61.151.180.39",""
"2018/04/02 14:50:37",109,"Login","61.151.179.27",""
"2018/04/02 14:50:37",109,"VERIFY","Image","Banking"
"2018/04/02 14:50:38",110,"Login","61.151.178.167",""
"2018/04/02 14:50:43",111,"Login","61.129.8.179",""
"2018/04/02 14:50:43",111,"VERIFY","Image","Banking"
"2018/04/02 14:50:43",112,"Login","101.226.225.86",""
"2018/04/02 14:50:43",112,"VERIFY","Image","Banking"
"2018/04/02 14:50:47",113,"Login","61.151.178.180",""
"2018/04/02 14:50:47",113,"VERIFY","Image","Banking"
"2018/04/02 14:50:50",114,"Login","61.151.178.179",""
"2018/04/02 14:50:50",114,"VERIFY","Image","Banking"
"2018/04/02 14:50:53",115,"Login","61.151.178.173",""
"2018/04/02 14:50:53",115,"FINISH","",""
"2018/04/02 14:50:54",116,"Login","101.226.225.59",""
"2018/04/02 14:50:54",117,"Login","61.151.178.174",""
"2018/04/02 14:50:54",117,"VERIFY","Image","Banking"
"2018/04/02 14:50:54",118,"Login","61.151.178.177",""
"2018/04/02 14:50:54",118,"FINISH","",""
"2018/04/02 14:50:55",119,"Login","61.151.178.173",""
"2018/04/02 14:50:55",119,"FINISH","",""
"2018/04/02 14:50:55",120,"Login","61.151.178.173",""
"2018/04/02 14:52:45",121,"Login","134.117.249.1",""
"2018/04/02 14:52:45",122,"Login","134.117.249.1",""
"2018/04/02 15:30:28",123,"Login","134.117.247.128",""
"2018/04/02 15:30:28",124,"Login","134.117.247.128",""
"2018/04/02 15:30:38",124,"START","",""
"2018/04/02 15:30:38",124,"REQUESTPASS","Email",""
"2018/04/02 15:30:38",124,"SETSCHEME","Octal","Email"
"2018/04/02 15:30:48",124,"SETSCHEME","Image","Email"
"2018/04/02 15:30:48",124,"REMEMBER","1",""
"2018/04/02 15:30:58",124,"SETSCHEME","Image","Email"
"2018/04/02 15:30:58",124,"REMEMBER","2",""
"2018/04/02 15:31:03",124,"SETSCHEME","Image","Email"
"2018/04/02 15:31:03",124,"REMEMBER","3",""
"2018/04/02 15:31:08",124,"SETSCHEME","Image","Email"
"2018/04/02 15:31:08",124,"REMEMBER","4",""
"2018/04/02 15:31:19",124,"SETSCHEME","Octal","Email"
"2018/04/02 15:31:20",124,"SETSCHEME","Image","Email"
"2018/04/02 15:31:20",124,"REMEMBER","1",""
"2018/04/02 15:31:39",124,"SETSCHEME","Image","Email"
"2018/04/02 15:31:39",124,"REMEMBER","2",""
"2018/04/02 15:31:46",124,"SETSCHEME","Image","Email"
"2018/04/02 15:31:46",124,"REMEMBER","3",""
"2018/04/02 15:31:50",124,"SETSCHEME","Image","Email"
"2018/04/02 15:31:50",124,"REMEMBER","4",""
"2018/04/02 15:31:56",124,"SETSCHEME","Image","Email"
"2018/04/02 15:31:56",124,"CONFIRM","",""
"2018/04/02 15:31:56",124,"REQUESTPASS","Banking",""
"2018/04/02 15:31:56",124,"SETSCHEME","Octal","Banking"
"2018/04/02 15:32:05",124,"SETSCHEME","Image","Banking"
"2018/04/02 15:32:05",124,"REMEMBER","1",""
"2018/04/02 15:32:10",124,"SETSCHEME","Image","Banking"
"2018/04/02 15:32:10",124,"REMEMBER","2",""
"2018/04/02 15:32:14",124,"SETSCHEME","Image","Banking"
"2018/04/02 15:32:14",124,"REMEMBER","3",""
"2018/04/02 15:32:19",124,"SETSCHEME","Image","Banking"
"2018/04/02 15:32:19",124,"REMEMBER","4",""
"2018/04/02 15:32:22",124,"SETSCHEME","Image","Banking"
"2018/04/02 15:32:24",124,"CONFIRM","",""
"2018/04/02 15:32:24",124,"REQUESTPASS","Shopping",""
"2018/04/02 15:32:24",124,"SETSCHEME","Octal","Shopping"
"2018/04/02 15:32:29",124,"CONFIRM","",""
"2018/04/02 15:32:29",124,"VERIFY","Octal","Shopping"
"2018/04/02 15:32:30",124,"VERIFY","Image","Shopping"
"2018/04/02 15:33:10",124,"START","",""
"2018/04/02 15:33:10",124,"REQUESTPASS","Email",""
"2018/04/02 15:33:10",124,"SETSCHEME","Octal","Email"
"2018/04/02 15:33:12",124,"SETSCHEME","Image","Email"
"2018/04/02 15:33:12",124,"REMEMBER","1",""
"2018/04/02 15:33:18",124,"SETSCHEME","Image","Email"
"2018/04/02 15:33:18",124,"REMEMBER","2",""
"2018/04/02 15:33:21",124,"SETSCHEME","Image","Email"
"2018/04/02 15:33:21",124,"REMEMBER","3",""
"2018/04/02 15:33:24",124,"SETSCHEME","Image","Email"
"2018/04/02 15:33:24",124,"REMEMBER","4",""
"2018/04/02 15:33:30",124,"SETSCHEME","Image","Email"
"2018/04/02 15:33:31",124,"CONFIRM","",""
"2018/04/02 15:33:31",124,"REQUESTPASS","Banking",""
"2018/04/02 15:33:31",124,"SETSCHEME","Octal","Banking"
"2018/04/02 15:33:40",124,"SETSCHEME","Image","Banking"
"2018/04/02 15:33:40",124,"REMEMBER","1",""
"2018/04/02 15:33:46",124,"SETSCHEME","Image","Banking"
"2018/04/02 15:33:46",124,"REMEMBER","2",""
"2018/04/02 15:33:50",124,"SETSCHEME","Image","Banking"
"2018/04/02 15:33:50",124,"REMEMBER","3",""
"2018/04/02 15:33:54",124,"SETSCHEME","Image","Banking"
"2018/04/02 15:33:54",124,"REMEMBER","4",""
"2018/04/02 15:34:01",124,"SETSCHEME","Image","Banking"
"2018/04/02 15:34:01",124,"CONFIRM","",""
"2018/04/02 15:34:02",124,"REQUESTPASS","Shopping",""
"2018/04/02 15:34:02",124,"SETSCHEME","Octal","Shopping"
"2018/04/02 15:34:05",124,"SETSCHEME","Image","Shopping"
"2018/04/02 15:34:05",124,"REMEMBER","1",""
"2018/04/02 15:34:08",124,"SETSCHEME","Image","Shopping"
"2018/04/02 15:34:08",124,"REMEMBER","2",""
"2018/04/02 15:34:13",124,"SETSCHEME","Image","Shopping"
"2018/04/02 15:34:13",124,"REMEMBER","3",""
"2018/04/02 15:34:16",124,"SETSCHEME","Image","Shopping"
"2018/04/02 15:34:16",124,"REMEMBER","4",""
"2018/04/02 15:34:18",124,"SETSCHEME","Image","Shopping"
"2018/04/02 15:34:18",124,"CONFIRM","",""
"2018/04/02 15:34:19",124,"VERIFY","Octal","Shopping"
"2018/04/02 15:34:21",124,"VERIFY","Image","Shopping"
"2018/04/02 15:34:26",124,"VERIFY","Image","Shopping"
"2018/04/02 15:34:59",124,"VERIFY","Octal","Shopping"
"2018/04/02 15:35:00",124,"VERIFY","Image","Shopping"
"2018/04/02 15:35:15",124,"VERIFY","Image","Shopping"
"2018/04/02 15:35:32",124,"START","",""
"2018/04/02 15:35:32",124,"REQUESTPASS","Email",""
"2018/04/02 15:35:33",124,"SETSCHEME","Octal","Email"
"2018/04/02 15:35:35",124,"SETSCHEME","Binary","Email"
"2018/04/02 15:35:36",124,"SETSCHEME","Image","Email"
"2018/04/02 15:35:36",124,"REMEMBER","1",""
"2018/04/02 15:35:45",124,"SETSCHEME","Image","Email"
"2018/04/02 15:35:45",124,"REMEMBER","2",""
"2018/04/02 15:35:47",124,"SETSCHEME","Image","Email"
"2018/04/02 15:35:47",124,"REMEMBER","3",""
"2018/04/02 15:35:50",124,"SETSCHEME","Image","Email"
"2018/04/02 15:35:50",124,"REMEMBER","4",""
"2018/04/02 15:35:53",124,"SETSCHEME","Image","Email"
"2018/04/02 15:35:53",124,"CONFIRM","",""
"2018/04/02 15:35:53",124,"REQUESTPASS","Banking",""
"2018/04/02 15:35:53",124,"SETSCHEME","Octal","Banking"
"2018/04/02 15:35:56",124,"SETSCHEME","Image","Banking"
"2018/04/02 15:35:56",124,"REMEMBER","1",""
"2018/04/02 15:35:59",124,"SETSCHEME","Image","Banking"
"2018/04/02 15:35:59",124,"REMEMBER","2",""
"2018/04/02 15:36:02",124,"SETSCHEME","Image","Banking"
"2018/04/02 15:36:02",124,"REMEMBER","3",""
"2018/04/02 15:36:05",124,"SETSCHEME","Image","Banking"
"2018/04/02 15:36:05",124,"REMEMBER","4",""
"2018/04/02 15:36:07",124,"SETSCHEME","Image","Banking"
"2018/04/02 15:36:07",124,"CONFIRM","",""
"2018/04/02 15:36:07",124,"REQUESTPASS","Shopping",""
"2018/04/02 15:36:07",124,"SETSCHEME","Octal","Shopping"
"2018/04/02 15:36:09",124,"SETSCHEME","Image","Shopping"
"2018/04/02 15:36:09",124,"REMEMBER","1",""
"2018/04/02 15:36:17",124,"SETSCHEME","Image","Shopping"
"2018/04/02 15:36:17",124,"REMEMBER","2",""
"2018/04/02 15:36:19",124,"SETSCHEME","Image","Shopping"
"2018/04/02 15:36:19",124,"REMEMBER","3",""
"2018/04/02 15:36:22",124,"SETSCHEME","Image","Shopping"
"2018/04/02 15:36:22",124,"REMEMBER","4",""
"2018/04/02 15:36:24",124,"SETSCHEME","Image","Shopping"
"2018/04/02 15:36:24",124,"CONFIRM","",""
"2018/04/02 15:36:24",124,"VERIFY","Octal","Shopping"
"2018/04/02 15:36:26",124,"VERIFY","Image","Shopping"
"2018/04/02 15:36:35",124,"VERIFY","Image","Shopping"
"2018/04/02 15:36:56",124,"VERIFY","Image","Shopping"
"2018/04/02 15:37:04",124,"VERIFY","Image","Shopping"
"2018/04/02 15:37:09",124,"VERIFY","Image","Shopping"
"2018/04/02 15:37:09",124,"RESULT","Fail",""
"2018/04/02 15:37:09",124,"CONFIRM","",""
"2018/04/02 15:37:09",124,"VERIFY","Octal","Shopping"
"2018/04/02 15:37:14",124,"VERIFY","Image","Shopping"
"2018/04/02 15:37:24",124,"VERIFY","Image","Shopping"
"2018/04/02 15:37:35",124,"VERIFY","Image","Shopping"
"2018/04/02 15:37:51",124,"VERIFY","Image","Shopping"
"2018/04/02 15:37:54",124,"VERIFY","Image","Shopping"
"2018/04/02 15:37:54",124,"RESULT","Fail",""
"2018/04/02 15:37:54",124,"CONFIRM","",""
"2018/04/02 15:37:54",124,"VERIFY","Octal","Shopping"
"2018/04/02 15:37:58",124,"VERIFY","Image","Shopping"
"2018/04/02 15:38:14",124,"VERIFY","Image","Shopping"
"2018/04/02 15:38:26",124,"VERIFY","Image","Shopping"
"2018/04/02 15:38:35",124,"VERIFY","Image","Shopping"
"2018/04/02 15:38:40",124,"VERIFY","Image","Shopping"
"2018/04/02 15:38:40",124,"RESULT","Fail",""
"2018/04/02 15:38:40",124,"CONFIRM","",""
"2018/04/02 15:38:40",124,"VERIFY","Octal","Banking"
"2018/04/02 15:38:44",124,"VERIFY","Image","Banking"
"2018/04/02 15:38:58",124,"VERIFY","Image","Banking"
"2018/04/02 15:39:03",124,"VERIFY","Image","Banking"
"2018/04/02 15:39:10",124,"VERIFY","Image","Banking"
"2018/04/02 15:39:16",124,"VERIFY","Image","Banking"
"2018/04/02 15:39:16",124,"RESULT","Fail",""
"2018/04/02 15:39:16",124,"CONFIRM","",""
"2018/04/02 15:39:16",124,"VERIFY","Octal","Banking"
"2018/04/02 15:39:20",124,"VERIFY","Image","Banking"
"2018/04/02 15:39:25",124,"VERIFY","Image","Banking"
"2018/04/02 15:39:32",124,"VERIFY","Image","Banking"
"2018/04/02 15:39:47",124,"VERIFY","Image","Banking"
"2018/04/02 15:39:59",124,"VERIFY","Image","Banking"
"2018/04/02 15:39:59",124,"RESULT","Fail",""
"2018/04/02 15:39:59",124,"CONFIRM","",""
"2018/04/02 15:39:59",124,"VERIFY","Octal","Banking"
"2018/04/02 15:40:03",124,"VERIFY","Image","Banking"
"2018/04/02 15:40:11",124,"START","",""
"2018/04/02 15:40:11",124,"REQUESTPASS","Email",""
"2018/04/02 15:40:11",124,"SETSCHEME","Octal","Email"
"2018/04/02 15:40:13",124,"SETSCHEME","Image","Email"
"2018/04/02 15:40:13",124,"REMEMBER","1",""
"2018/04/02 15:40:19",124,"SETSCHEME","Image","Email"
"2018/04/02 15:40:19",124,"REMEMBER","2",""
"2018/04/02 15:40:22",124,"SETSCHEME","Image","Email"
"2018/04/02 15:40:22",124,"REMEMBER","3",""
"2018/04/02 15:40:24",124,"SETSCHEME","Image","Email"
"2018/04/02 15:40:24",124,"REMEMBER","4",""
"2018/04/02 15:40:26",124,"SETSCHEME","Image","Email"
"2018/04/02 15:40:26",124,"CONFIRM","",""
"2018/04/02 15:40:26",124,"REQUESTPASS","Email",""
"2018/04/02 15:40:26",124,"SETSCHEME","Octal","Email"
"2018/04/02 15:40:28",124,"SETSCHEME","Image","Email"
"2018/04/02 15:40:28",124,"REMEMBER","1",""
"2018/04/02 15:40:33",124,"SETSCHEME","Image","Email"
"2018/04/02 15:40:33",124,"REMEMBER","2",""
"2018/04/02 15:40:35",124,"SETSCHEME","Image","Email"
"2018/04/02 15:40:35",124,"REMEMBER","3",""
"2018/04/02 15:40:37",124,"SETSCHEME","Image","Email"
"2018/04/02 15:40:37",124,"REMEMBER","4",""
"2018/04/02 15:40:39",124,"SETSCHEME","Image","Email"
"2018/04/02 15:40:39",124,"CONFIRM","",""
"2018/04/02 15:40:39",124,"REQUESTPASS","Email",""
"2018/04/02 15:40:39",124,"SETSCHEME","Octal","Email"
"2018/04/02 15:40:42",124,"CONFIRM","",""
"2018/04/02 15:40:42",124,"REQUESTPASS","Email",""
"2018/04/02 15:40:42",124,"SETSCHEME","Octal","Email"
"2018/04/02 15:40:46",124,"SETSCHEME","Image","Email"
"2018/04/02 15:40:46",124,"REMEMBER","1",""
"2018/04/02 15:40:49",124,"SETSCHEME","Image","Email"
"2018/04/02 15:40:49",124,"REMEMBER","2",""
"2018/04/02 15:40:51",124,"SETSCHEME","Image","Email"
"2018/04/02 15:40:51",124,"REMEMBER","3",""
"2018/04/02 15:40:53",124,"SETSCHEME","Image","Email"
"2018/04/02 15:40:53",124,"REMEMBER","4",""
"2018/04/02 15:40:55",124,"SETSCHEME","Image","Email"
"2018/04/02 15:40:55",124,"CONFIRM","",""
"2018/04/02 15:40:55",124,"REQUESTPASS","Email",""
"2018/04/02 15:40:55",124,"SETSCHEME","Octal","Email"
"2018/04/02 15:41:14",124,"CONFIRM","",""
"2018/04/02 15:41:14",124,"REQUESTPASS","Email",""
"2018/04/02 15:41:14",124,"SETSCHEME","Octal","Email"
"2018/04/02 15:41:19",124,"SETSCHEME","Image","Email"
"2018/04/02 15:41:19",124,"REMEMBER","1",""
"2018/04/02 15:41:33",124,"SETSCHEME","Octal","Email"
"2018/04/02 15:41:35",124,"CONFIRM","",""
"2018/04/02 15:41:36",124,"REQUESTPASS","Email",""
"2018/04/02 15:41:36",124,"SETSCHEME","Octal","Email"
"2018/04/02 15:41:59",124,"SETSCHEME","Octal","Email"
"2018/04/02 15:42:04",124,"SETSCHEME","Image","Email"
"2018/04/02 15:42:04",124,"REMEMBER","1",""
"2018/04/02 15:42:07",124,"SETSCHEME","Image","Email"
"2018/04/02 15:42:07",124,"REMEMBER","2",""
"2018/04/02 15:42:09",124,"SETSCHEME","Image","Email"
"2018/04/02 15:42:09",124,"REMEMBER","3",""
"2018/04/02 15:42:11",124,"SETSCHEME","Image","Email"
"2018/04/02 15:42:11",124,"REMEMBER","4",""
"2018/04/02 15:42:12",124,"SETSCHEME","Image","Email"
"2018/04/02 15:42:12",124,"CONFIRM","",""
"2018/04/02 15:42:12",124,"REQUESTPASS","Email",""
"2018/04/02 15:42:12",124,"SETSCHEME","Octal","Email"
"2018/04/02 15:42:16",124,"SETSCHEME","Image","Email"
"2018/04/02 15:42:16",124,"REMEMBER","1",""
"2018/04/02 15:42:19",124,"SETSCHEME","Image","Email"
"2018/04/02 15:42:19",124,"REMEMBER","2",""
"2018/04/02 15:42:24",124,"SETSCHEME","Image","Email"
"2018/04/02 15:42:24",124,"REMEMBER","3",""
"2018/04/02 15:42:26",124,"SETSCHEME","Image","Email"
"2018/04/02 15:42:26",124,"REMEMBER","4",""
"2018/04/02 15:42:27",124,"SETSCHEME","Image","Email"
"2018/04/02 15:42:27",124,"CONFIRM","",""
"2018/04/02 15:42:27",124,"REQUESTPASS","Email",""
"2018/04/02 15:42:28",124,"SETSCHEME","Octal","Email"
"2018/04/02 15:43:38",124,"START","",""
"2018/04/02 15:43:38",124,"REQUESTPASS","Email",""
"2018/04/02 15:43:38",124,"SETSCHEME","Octal","Email"
"2018/04/02 15:43:41",124,"SETSCHEME","Image","Email"
"2018/04/02 15:43:41",124,"REMEMBER","1",""
"2018/04/02 15:43:46",124,"SETSCHEME","Image","Email"
"2018/04/02 15:43:46",124,"REMEMBER","2",""
"2018/04/02 15:43:49",124,"SETSCHEME","Image","Email"
"2018/04/02 15:43:49",124,"REMEMBER","3",""
"2018/04/02 15:43:54",124,"SETSCHEME","Image","Email"
"2018/04/02 15:43:54",124,"REMEMBER","4",""
"2018/04/02 15:44:00",124,"SETSCHEME","Image","Email"
"2018/04/02 15:44:00",124,"CONFIRM","",""
"2018/04/02 15:44:00",124,"REQUESTPASS","Email",""
"2018/04/02 15:44:00",124,"SETSCHEME","Octal","Email"
"2018/04/02 15:30:29",125,"Login","134.117.249.81",""
"2018/04/02 15:31:05",125,"START","",""
"2018/04/02 15:31:05",125,"REQUESTPASS","Email",""
"2018/04/02 15:31:05",125,"SETSCHEME","Octal","Email"
"2018/04/02 15:31:19",125,"SETSCHEME","Image","Email"
"2018/04/02 15:31:19",125,"REMEMBER","1",""
"2018/04/02 15:31:21",125,"SETSCHEME","Octal","Email"
"2018/04/02 15:31:22",125,"SETSCHEME","Image","Email"
"2018/04/02 15:31:22",125,"REMEMBER","1",""
"2018/04/02 15:31:24",125,"SETSCHEME","Binary","Email"
"2018/04/02 15:31:26",125,"SETSCHEME","Image","Email"
"2018/04/02 15:31:26",125,"REMEMBER","1",""
"2018/04/02 15:32:06",125,"SETSCHEME","Image","Email"
"2018/04/02 15:32:06",125,"REMEMBER","2",""
"2018/04/02 15:32:11",125,"SETSCHEME","Image","Email"
"2018/04/02 15:32:11",125,"REMEMBER","3",""
"2018/04/02 15:32:15",125,"SETSCHEME","Image","Email"
"2018/04/02 15:32:15",125,"REMEMBER","4",""
"2018/04/02 15:32:18",125,"SETSCHEME","Image","Email"
"2018/04/02 15:32:18",125,"CONFIRM","",""
"2018/04/02 15:32:18",125,"REQUESTPASS","Banking",""
"2018/04/02 15:32:18",125,"SETSCHEME","Octal","Banking"
"2018/04/02 15:32:26",125,"SETSCHEME","Image","Banking"
"2018/04/02 15:32:26",125,"REMEMBER","1",""
"2018/04/02 15:32:36",125,"SETSCHEME","Image","Banking"
"2018/04/02 15:32:36",125,"REMEMBER","2",""
"2018/04/02 15:32:41",125,"SETSCHEME","Image","Banking"
"2018/04/02 15:32:41",125,"REMEMBER","3",""
"2018/04/02 15:32:44",125,"SETSCHEME","Image","Banking"
"2018/04/02 15:32:44",125,"REMEMBER","4",""
"2018/04/02 15:32:48",125,"SETSCHEME","Image","Banking"
"2018/04/02 15:32:48",125,"CONFIRM","",""
"2018/04/02 15:32:48",125,"REQUESTPASS","Shopping",""
"2018/04/02 15:32:48",125,"SETSCHEME","Octal","Shopping"
"2018/04/02 15:32:50",125,"SETSCHEME","Image","Shopping"
"2018/04/02 15:32:50",125,"REMEMBER","1",""
"2018/04/02 15:32:54",125,"SETSCHEME","Image","Shopping"
"2018/04/02 15:32:54",125,"REMEMBER","2",""
"2018/04/02 15:32:57",125,"SETSCHEME","Image","Shopping"
"2018/04/02 15:32:57",125,"REMEMBER","3",""
"2018/04/02 15:32:59",125,"SETSCHEME","Image","Shopping"
"2018/04/02 15:32:59",125,"REMEMBER","4",""
"2018/04/02 15:33:05",125,"SETSCHEME","Image","Shopping"
"2018/04/02 15:33:05",125,"CONFIRM","",""
"2018/04/02 15:33:05",125,"VERIFY","Octal","Banking"
"2018/04/02 15:33:10",125,"VERIFY","Image","Banking"
"2018/04/02 15:42:45",125,"START","",""
"2018/04/02 15:42:45",125,"REQUESTPASS","Email",""
"2018/04/02 15:42:45",125,"SETSCHEME","Octal","Email"
"2018/04/02 15:42:49",125,"SETSCHEME","Image","Email"
"2018/04/02 15:42:49",125,"REMEMBER","1",""
"2018/04/02 15:43:14",125,"SETSCHEME","Image","Email"
"2018/04/02 15:43:14",125,"REMEMBER","2",""
"2018/04/02 15:43:17",125,"SETSCHEME","Image","Email"
"2018/04/02 15:43:17",125,"REMEMBER","3",""
"2018/04/02 15:43:20",125,"SETSCHEME","Image","Email"
"2018/04/02 15:43:20",125,"REMEMBER","4",""
"2018/04/02 15:43:22",125,"SETSCHEME","Image","Email"
"2018/04/02 15:43:22",125,"CONFIRM","",""
"2018/04/02 15:43:22",125,"REQUESTPASS","Banking",""
"2018/04/02 15:43:23",125,"SETSCHEME","Octal","Banking"
"2018/04/02 15:43:30",125,"SETSCHEME","Image","Banking"
"2018/04/02 15:43:30",125,"REMEMBER","1",""
"2018/04/02 15:43:36",125,"SETSCHEME","Image","Banking"
"2018/04/02 15:43:36",125,"REMEMBER","2",""
"2018/04/02 15:43:40",125,"SETSCHEME","Image","Banking"
"2018/04/02 15:43:40",125,"REMEMBER","3",""
"2018/04/02 15:43:43",125,"SETSCHEME","Image","Banking"
"2018/04/02 15:43:43",125,"REMEMBER","4",""
"2018/04/02 15:43:46",125,"SETSCHEME","Image","Banking"
"2018/04/02 15:43:46",125,"CONFIRM","",""
"2018/04/02 15:43:46",125,"REQUESTPASS","Shopping",""
"2018/04/02 15:43:46",125,"SETSCHEME","Octal","Shopping"
"2018/04/02 15:43:49",125,"SETSCHEME","Image","Shopping"
"2018/04/02 15:43:49",125,"REMEMBER","1",""
"2018/04/02 15:43:54",125,"SETSCHEME","Image","Shopping"
"2018/04/02 15:43:54",125,"REMEMBER","2",""
"2018/04/02 15:43:58",125,"SETSCHEME","Image","Shopping"
"2018/04/02 15:43:58",125,"REMEMBER","3",""
"2018/04/02 15:44:00",125,"SETSCHEME","Image","Shopping"
"2018/04/02 15:44:00",125,"REMEMBER","4",""
"2018/04/02 15:44:02",125,"SETSCHEME","Image","Shopping"
"2018/04/02 15:44:02",125,"CONFIRM","",""
"2018/04/02 15:44:02",125,"VERIFY","Octal","Banking"
"2018/04/02 15:44:05",125,"VERIFY","Image","Banking"
"2018/04/02 15:44:57",125,"VERIFY","Image","Banking"
"2018/04/02 15:45:02",125,"VERIFY","Image","Banking"
"2018/04/02 15:45:05",125,"VERIFY","Image","Banking"
"2018/04/02 15:45:10",125,"VERIFY","Image","Banking"
"2018/04/02 15:45:10",125,"RESULT","Fail",""
"2018/04/02 15:45:10",125,"CONFIRM","",""
"2018/04/02 15:45:10",125,"VERIFY","Octal","Banking"
"2018/04/02 15:45:14",125,"VERIFY","Image","Banking"
"2018/04/02 15:48:34",125,"VERIFY","Image","Banking"
"2018/04/02 15:48:39",125,"VERIFY","Image","Banking"
"2018/04/02 15:48:50",125,"START","",""
"2018/04/02 15:48:50",125,"REQUESTPASS","Email",""
"2018/04/02 15:48:51",125,"SETSCHEME","Octal","Email"
"2018/04/02 15:48:59",125,"SETSCHEME","Image","Email"
"2018/04/02 15:48:59",125,"REMEMBER","1",""
"2018/04/02 15:50:03",125,"SETSCHEME","Image","Email"
"2018/04/02 15:50:03",125,"REMEMBER","2",""
"2018/04/02 15:50:06",125,"SETSCHEME","Image","Email"
"2018/04/02 15:50:06",125,"REMEMBER","3",""
"2018/04/02 15:50:08",125,"SETSCHEME","Image","Email"
"2018/04/02 15:50:08",125,"REMEMBER","4",""
"2018/04/02 15:50:10",125,"SETSCHEME","Image","Email"
"2018/04/02 15:50:10",125,"CONFIRM","",""
"2018/04/02 15:50:10",125,"REQUESTPASS","Email",""
"2018/04/02 15:50:10",125,"SETSCHEME","Octal","Email"
"2018/04/02 15:50:30",125,"SETSCHEME","Image","Email"
"2018/04/02 15:50:30",125,"REMEMBER","1",""
"2018/04/02 15:50:37",125,"SETSCHEME","Image","Email"
"2018/04/02 15:50:37",125,"REMEMBER","2",""
"2018/04/02 15:50:42",125,"SETSCHEME","Image","Email"
"2018/04/02 15:50:42",125,"REMEMBER","3",""
"2018/04/02 15:50:44",125,"SETSCHEME","Image","Email"
"2018/04/02 15:50:44",125,"REMEMBER","4",""
"2018/04/02 15:50:46",125,"SETSCHEME","Image","Email"
"2018/04/02 15:50:46",125,"CONFIRM","",""
"2018/04/02 15:50:46",125,"REQUESTPASS","Email",""
"2018/04/02 15:50:46",125,"SETSCHEME","Octal","Email"
"2018/04/02 15:50:48",125,"SETSCHEME","Image","Email"
"2018/04/02 15:50:48",125,"REMEMBER","1",""
"2018/04/02 15:50:51",125,"SETSCHEME","Image","Email"
"2018/04/02 15:50:51",125,"REMEMBER","2",""
"2018/04/02 15:50:53",125,"SETSCHEME","Image","Email"
"2018/04/02 15:50:53",125,"REMEMBER","3",""
"2018/04/02 15:50:55",125,"SETSCHEME","Image","Email"
"2018/04/02 15:50:55",125,"REMEMBER","4",""
"2018/04/02 15:50:57",125,"SETSCHEME","Image","Email"
"2018/04/02 15:50:57",125,"CONFIRM","",""
"2018/04/02 15:50:57",125,"REQUESTPASS","Email",""
"2018/04/02 15:50:57",125,"SETSCHEME","Octal","Email"
"2018/04/02 15:50:59",125,"CONFIRM","",""
"2018/04/02 15:50:59",125,"REQUESTPASS","Email",""
"2018/04/02 15:50:59",125,"SETSCHEME","Octal","Email"
"2018/04/02 15:51:35",125,"SETSCHEME","Image","Email"
"2018/04/02 15:51:35",125,"REMEMBER","1",""
"2018/04/02 15:51:44",125,"SETSCHEME","Image","Email"
"2018/04/02 15:51:44",125,"REMEMBER","2",""
"2018/04/02 15:51:47",125,"SETSCHEME","Image","Email"
"2018/04/02 15:51:47",125,"REMEMBER","3",""
"2018/04/02 15:51:49",125,"SETSCHEME","Image","Email"
"2018/04/02 15:51:49",125,"REMEMBER","4",""
"2018/04/02 15:51:51",125,"SETSCHEME","Image","Email"
"2018/04/02 15:51:51",125,"CONFIRM","",""
"2018/04/02 15:51:51",125,"REQUESTPASS","Email",""
"2018/04/02 15:51:52",125,"SETSCHEME","Octal","Email"
"2018/04/02 15:51:59",125,"SETSCHEME","Image","Email"
"2018/04/02 15:51:59",125,"REMEMBER","1",""
"2018/04/02 15:52:03",125,"SETSCHEME","Image","Email"
"2018/04/02 15:52:03",125,"REMEMBER","2",""
"2018/04/02 15:52:05",125,"SETSCHEME","Image","Email"
"2018/04/02 15:52:05",125,"REMEMBER","3",""
"2018/04/02 15:52:07",125,"SETSCHEME","Image","Email"
"2018/04/02 15:52:07",125,"REMEMBER","4",""
"2018/04/02 15:52:09",125,"SETSCHEME","Image","Email"
"2018/04/02 15:52:09",125,"CONFIRM","",""
"2018/04/02 15:52:09",125,"REQUESTPASS","Email",""
"2018/04/02 15:52:09",125,"SETSCHEME","Octal","Email"
"2018/04/02 15:44:19",126,"Login","134.117.247.128",""
"2018/04/02 15:44:33",126,"START","",""
"2018/04/02 15:44:33",126,"REQUESTPASS","Email",""
"2018/04/02 15:44:33",126,"SETSCHEME","Octal","Email"
"2018/04/02 15:44:35",126,"SETSCHEME","Image","Email"
"2018/04/02 15:44:35",126,"REMEMBER","1",""
"2018/04/02 15:44:41",126,"SETSCHEME","Image","Email"
"2018/04/02 15:44:41",126,"REMEMBER","2",""
"2018/04/02 15:44:44",126,"SETSCHEME","Image","Email"
"2018/04/02 15:44:44",126,"REMEMBER","3",""
"2018/04/02 15:44:48",126,"SETSCHEME","Image","Email"
"2018/04/02 15:44:48",126,"REMEMBER","4",""
"2018/04/02 15:44:51",126,"SETSCHEME","Image","Email"
"2018/04/02 15:44:51",126,"CONFIRM","",""
"2018/04/02 15:44:51",126,"REQUESTPASS","Banking",""
"2018/04/02 15:44:51",126,"SETSCHEME","Octal","Banking"
"2018/04/02 15:44:58",126,"SETSCHEME","Image","Banking"
"2018/04/02 15:44:58",126,"REMEMBER","1",""
"2018/04/02 15:45:01",126,"SETSCHEME","Image","Banking"
"2018/04/02 15:45:01",126,"REMEMBER","2",""
"2018/04/02 15:45:04",126,"SETSCHEME","Image","Banking"
"2018/04/02 15:45:04",126,"REMEMBER","3",""
"2018/04/02 15:45:07",126,"SETSCHEME","Image","Banking"
"2018/04/02 15:45:07",126,"REMEMBER","4",""
"2018/04/02 15:45:09",126,"SETSCHEME","Image","Banking"
"2018/04/02 15:45:09",126,"CONFIRM","",""
"2018/04/02 15:45:09",126,"REQUESTPASS","Shopping",""
"2018/04/02 15:45:09",126,"SETSCHEME","Octal","Shopping"
"2018/04/02 15:45:13",126,"SETSCHEME","Image","Shopping"
"2018/04/02 15:45:13",126,"REMEMBER","1",""
"2018/04/02 15:45:17",126,"SETSCHEME","Image","Shopping"
"2018/04/02 15:45:17",126,"REMEMBER","2",""
"2018/04/02 15:45:20",126,"SETSCHEME","Image","Shopping"
"2018/04/02 15:45:20",126,"REMEMBER","3",""
"2018/04/02 15:45:23",126,"SETSCHEME","Image","Shopping"
"2018/04/02 15:45:23",126,"REMEMBER","4",""
"2018/04/02 15:45:25",126,"SETSCHEME","Image","Shopping"
"2018/04/02 15:45:25",126,"CONFIRM","",""
"2018/04/02 15:45:25",126,"VERIFY","Octal","Shopping"
"2018/04/02 15:45:30",126,"VERIFY","Image","Shopping"
"2018/04/02 15:45:33",126,"VERIFY","Image","Shopping"
"2018/04/02 15:45:38",126,"VERIFY","Image","Shopping"
"2018/04/02 15:45:43",126,"VERIFY","Image","Shopping"
"2018/04/02 15:45:46",126,"VERIFY","Image","Shopping"
"2018/04/02 15:45:46",126,"RESULT","SUCCESS",""
"2018/04/02 15:45:46",126,"CONFIRM","",""
"2018/04/02 15:45:46",126,"VERIFY","Octal","Email"
"2018/04/02 15:45:54",126,"VERIFY","Image","Email"
"2018/04/02 15:45:58",126,"VERIFY","Image","Email"
"2018/04/02 15:46:03",126,"VERIFY","Image","Email"
"2018/04/02 15:46:11",126,"VERIFY","Image","Email"
"2018/04/02 15:46:14",126,"VERIFY","Image","Email"
"2018/04/02 15:46:14",126,"RESULT","Fail",""
"2018/04/02 15:46:14",126,"CONFIRM","",""
"2018/04/02 15:46:14",126,"VERIFY","Octal","Email"
"2018/04/02 15:46:18",126,"VERIFY","Image","Email"
"2018/04/02 15:46:22",126,"VERIFY","Image","Email"
"2018/04/02 15:46:25",126,"VERIFY","Image","Email"
"2018/04/02 15:46:46",126,"VERIFY","Image","Email"
"2018/04/02 15:46:50",126,"VERIFY","Image","Email"
"2018/04/02 15:46:50",126,"RESULT","Fail",""
"2018/04/02 15:46:50",126,"CONFIRM","",""
"2018/04/02 15:46:50",126,"VERIFY","Octal","Email"
"2018/04/02 15:46:53",126,"VERIFY","Image","Email"
"2018/04/02 15:47:01",126,"VERIFY","Image","Email"
"2018/04/02 15:47:04",126,"VERIFY","Image","Email"
"2018/04/02 15:47:35",126,"VERIFY","Image","Email"
"2018/04/02 15:47:38",126,"VERIFY","Image","Email"
"2018/04/02 15:47:38",126,"RESULT","SUCCESS",""
"2018/04/02 15:47:38",126,"CONFIRM","",""
"2018/04/02 15:47:38",126,"VERIFY","Octal","Banking"
"2018/04/02 15:47:42",126,"VERIFY","Image","Banking"
"2018/04/02 15:47:47",126,"VERIFY","Image","Banking"
"2018/04/02 15:47:51",126,"VERIFY","Image","Banking"
"2018/04/02 15:47:59",126,"VERIFY","Image","Banking"
"2018/04/02 15:48:01",126,"VERIFY","Image","Banking"
"2018/04/02 15:48:01",126,"RESULT","Fail",""
"2018/04/02 15:48:01",126,"CONFIRM","",""
"2018/04/02 15:48:02",126,"VERIFY","Octal","Banking"
"2018/04/02 15:48:06",126,"VERIFY","Image","Banking"
"2018/04/02 15:48:14",126,"VERIFY","Image","Banking"
"2018/04/02 15:48:21",126,"VERIFY","Image","Banking"
"2018/04/02 15:48:55",126,"VERIFY","Image","Banking"
"2018/04/02 15:48:58",126,"VERIFY","Image","Banking"
"2018/04/02 15:48:58",126,"RESULT","Fail",""
"2018/04/02 15:48:58",126,"CONFIRM","",""
"2018/04/02 15:48:58",126,"VERIFY","Octal","Banking"
"2018/04/02 15:49:02",126,"VERIFY","Image","Banking"
"2018/04/02 15:49:11",126,"VERIFY","Image","Banking"
"2018/04/02 15:49:25",126,"VERIFY","Image","Banking"
"2018/04/02 15:49:36",126,"VERIFY","Image","Banking"
"2018/04/02 15:49:39",126,"VERIFY","Image","Banking"
"2018/04/02 15:49:39",126,"RESULT","Fail",""
"2018/04/02 15:49:39",126,"CONFIRM","",""
"2018/04/02 15:49:39",126,"FINISH","",""
"2018/04/02 15:49:39",126,"FINISH","",""
"2018/04/02 15:52:58",127,"Login","134.117.247.128",""
"2018/04/02 15:53:01",127,"START","",""
"2018/04/02 15:53:01",127,"REQUESTPASS","Email",""
"2018/04/02 15:53:01",127,"SETSCHEME","Octal","Email"
"2018/04/02 15:53:05",127,"CONFIRM","",""
"2018/04/02 15:53:05",127,"REQUESTPASS","Banking",""
"2018/04/02 15:53:05",127,"SETSCHEME","Octal","Banking"
"2018/04/02 15:55:44",127,"CONFIRM","",""
"2018/04/02 15:55:44",127,"REQUESTPASS","Shopping",""
"2018/04/02 15:55:44",127,"SETSCHEME","Octal","Shopping"
"2018/04/02 15:55:45",127,"CONFIRM","",""
"2018/04/02 15:55:45",127,"VERIFY","Octal","Email"
"2018/04/02 15:55:55",127,"VERIFY","Octal","Email"
"2018/04/02 15:56:27",127,"RESULT","Fail",""
"2018/04/02 15:56:29",127,"CONFIRM","",""
"2018/04/02 15:56:32",127,"VERIFY","Octal","Email"
"2018/04/02 15:56:35",127,"RESULT","Fail",""
"2018/04/02 15:56:36",127,"CONFIRM","",""
"2018/04/02 15:56:36",127,"VERIFY","Octal","Email"
"2018/04/02 15:53:12",128,"Login","134.117.249.81",""
"2018/04/02 15:53:18",128,"START","",""
"2018/04/02 15:53:18",128,"REQUESTPASS","Email",""
"2018/04/02 15:53:18",128,"SETSCHEME","Octal","Email"
"2018/04/02 15:53:23",128,"SETSCHEME","Image","Email"
"2018/04/02 15:53:23",128,"REMEMBER","1",""
"2018/04/02 15:53:27",128,"SETSCHEME","Image","Email"
"2018/04/02 15:53:27",128,"REMEMBER","2",""
"2018/04/02 15:53:30",128,"SETSCHEME","Image","Email"
"2018/04/02 15:53:30",128,"REMEMBER","3",""
"2018/04/02 15:53:35",128,"SETSCHEME","Image","Email"
"2018/04/02 15:53:35",128,"REMEMBER","4",""
"2018/04/02 15:53:37",128,"SETSCHEME","Image","Email"
"2018/04/02 15:53:37",128,"CONFIRM","",""
"2018/04/02 15:53:37",128,"REQUESTPASS","Banking",""
"2018/04/02 15:53:37",128,"SETSCHEME","Octal","Banking"
"2018/04/02 15:53:39",128,"SETSCHEME","Image","Banking"
"2018/04/02 15:53:39",128,"REMEMBER","1",""
"2018/04/02 15:53:45",128,"SETSCHEME","Image","Banking"
"2018/04/02 15:53:45",128,"REMEMBER","2",""
"2018/04/02 15:53:47",128,"SETSCHEME","Image","Banking"
"2018/04/02 15:53:47",128,"REMEMBER","3",""
"2018/04/02 15:53:49",128,"SETSCHEME","Image","Banking"
"2018/04/02 15:53:49",128,"REMEMBER","4",""
"2018/04/02 15:53:51",128,"SETSCHEME","Image","Banking"
"2018/04/02 15:53:51",128,"CONFIRM","",""
"2018/04/02 15:53:51",128,"REQUESTPASS","Shopping",""
"2018/04/02 15:53:51",128,"SETSCHEME","Octal","Shopping"
"2018/04/02 15:53:53",128,"SETSCHEME","Image","Shopping"
"2018/04/02 15:53:53",128,"REMEMBER","1",""
"2018/04/02 15:53:55",128,"SETSCHEME","Image","Shopping"
"2018/04/02 15:53:55",128,"REMEMBER","2",""
"2018/04/02 15:53:57",128,"SETSCHEME","Image","Shopping"
"2018/04/02 15:53:57",128,"REMEMBER","3",""
"2018/04/02 15:53:59",128,"SETSCHEME","Image","Shopping"
"2018/04/02 15:53:59",128,"REMEMBER","4",""
"2018/04/02 15:54:01",128,"SETSCHEME","Image","Shopping"
"2018/04/02 15:54:01",128,"CONFIRM","",""
"2018/04/02 15:54:01",128,"VERIFY","Octal","Email"
"2018/04/02 15:54:03",128,"VERIFY","Image","Email"
"2018/04/02 15:54:18",128,"VERIFY","Image","Email"
"2018/04/02 15:54:20",128,"VERIFY","Image","Email"
"2018/04/02 15:54:24",128,"VERIFY","Image","Email"
"2018/04/02 15:54:30",128,"VERIFY","Image","Email"
"2018/04/02 15:54:30",128,"RESULT","Fail",""
"2018/04/02 15:54:30",128,"CONFIRM","",""
"2018/04/02 15:54:30",128,"VERIFY","Octal","Email"
"2018/04/02 15:54:33",128,"VERIFY","Image","Email"
"2018/04/02 15:54:36",128,"VERIFY","Image","Email"
"2018/04/02 15:54:40",128,"VERIFY","Image","Email"
"2018/04/02 15:54:45",128,"VERIFY","Image","Email"
"2018/04/02 15:54:51",128,"VERIFY","Image","Email"
"2018/04/02 15:54:51",128,"RESULT","Fail",""
"2018/04/02 15:54:51",128,"CONFIRM","",""
"2018/04/02 15:54:51",128,"VERIFY","Octal","Email"
"2018/04/02 15:54:55",128,"VERIFY","Image","Email"
"2018/04/02 15:55:01",128,"VERIFY","Image","Email"
"2018/04/02 15:55:06",128,"VERIFY","Image","Email"
"2018/04/02 15:55:09",128,"VERIFY","Image","Email"
"2018/04/02 15:55:12",128,"VERIFY","Image","Email"
"2018/04/02 15:55:12",128,"RESULT","SUCCESS",""
"2018/04/02 15:55:12",128,"CONFIRM","",""
"2018/04/02 15:55:12",128,"VERIFY","Octal","Banking"
"2018/04/02 15:55:16",128,"VERIFY","Image","Banking"
"2018/04/02 15:55:20",128,"VERIFY","Image","Banking"
"2018/04/02 15:55:24",128,"VERIFY","Image","Banking"
"2018/04/02 15:55:26",128,"VERIFY","Image","Banking"
"2018/04/02 15:55:28",128,"VERIFY","Image","Banking"
"2018/04/02 15:55:28",128,"RESULT","Fail",""
"2018/04/02 15:55:28",128,"CONFIRM","",""
"2018/04/02 15:55:28",128,"VERIFY","Octal","Banking"
"2018/04/02 15:55:32",128,"VERIFY","Image","Banking"
"2018/04/02 15:55:35",128,"VERIFY","Image","Banking"
"2018/04/02 15:55:38",128,"VERIFY","Image","Banking"
"2018/04/02 15:55:43",128,"VERIFY","Image","Banking"
"2018/04/02 15:55:45",128,"VERIFY","Image","Banking"
"2018/04/02 15:55:45",128,"RESULT","Fail",""
"2018/04/02 15:55:45",128,"CONFIRM","",""
"2018/04/02 15:55:45",128,"VERIFY","Octal","Banking"
"2018/04/02 15:55:48",128,"VERIFY","Image","Banking"
"2018/04/02 15:55:50",128,"VERIFY","Image","Banking"
"2018/04/02 15:55:53",128,"VERIFY","Image","Banking"
"2018/04/02 15:55:55",128,"VERIFY","Image","Banking"
"2018/04/02 15:55:57",128,"VERIFY","Image","Banking"
"2018/04/02 15:55:57",128,"RESULT","Fail",""
"2018/04/02 15:55:57",128,"CONFIRM","",""
"2018/04/02 15:55:57",128,"VERIFY","Octal","Shopping"
"2018/04/02 15:56:00",128,"VERIFY","Image","Shopping"
"2018/04/02 15:56:02",128,"VERIFY","Image","Shopping"
"2018/04/02 15:56:04",128,"VERIFY","Image","Shopping"
"2018/04/02 15:56:06",128,"VERIFY","Image","Shopping"
"2018/04/02 15:56:08",128,"VERIFY","Image","Shopping"
"2018/04/02 15:56:08",128,"RESULT","Fail",""
"2018/04/02 15:56:08",128,"CONFIRM","",""
"2018/04/02 15:56:08",128,"VERIFY","Octal","Shopping"
"2018/04/02 15:56:11",128,"VERIFY","Image","Shopping"
"2018/04/02 15:56:13",128,"VERIFY","Image","Shopping"
"2018/04/02 15:56:15",128,"VERIFY","Image","Shopping"
"2018/04/02 15:56:18",128,"VERIFY","Image","Shopping"
"2018/04/02 15:56:20",128,"VERIFY","Image","Shopping"
"2018/04/02 15:56:20",128,"RESULT","Fail",""
"2018/04/02 15:56:20",128,"CONFIRM","",""
"2018/04/02 15:56:20",128,"VERIFY","Octal","Shopping"
"2018/04/02 15:56:23",128,"VERIFY","Image","Shopping"
"2018/04/02 15:56:25",128,"VERIFY","Image","Shopping"
"2018/04/02 15:56:26",128,"VERIFY","Image","Shopping"
"2018/04/02 15:56:29",128,"VERIFY","Image","Shopping"
"2018/04/02 15:56:31",128,"VERIFY","Image","Shopping"
"2018/04/02 15:56:31",128,"RESULT","Fail",""
"2018/04/02 15:56:31",128,"CONFIRM","",""
"2018/04/02 15:56:31",128,"FINISH","",""
"2018/04/02 15:56:31",128,"FINISH","",""
